Rank,Player,Team,Position(s),ADP,Min Pick,Max Pick,Difference,# Picks,Team,Team Pick
1,"Trout, Mike",LAA,OF,1.12,1,2,,162,,
2,"Betts, Mookie",BOS,OF,1.93,1,3,,162,,
3,"Ramirez, Jose",CLE,3B,3.84,1,8,,162,,
4,"Scherzer, Max",WAS,P,5.39,1,12,,162,,
5,"Martinez, J.D.",BOS,OF,5.6,2,10,,162,,
6,"Yelich, Christian",MLW,OF,7.45,3,17,,162,,
7,"Arenado, Nolan",COL,3B,7.56,3,14,,162,,
8,"Turner, Trea",WAS,SS,7.95,3,14,,162,,
9,"Acuna, Ronald",ATL,OF,9.18,3,18,,162,,
10,"Lindor, Francisco",CLE,SS,10.5,3,26,,162,,
11,"deGrom, Jacob",NYM,P,11.3,6,21,,162,,
12,"Bregman, Alex",HOU,"3B, SS",13.12,7,22,,162,,
13,"Sale, Chris",BOS,P,13.63,6,24,,162,,
14,"Altuve, Jose",HOU,2B,14.61,4,27,,162,,
15,"Baez, Javier",CHC,"2B, SS, 3B",16.22,8,25,,162,,
16,"Judge, Aaron",NYY,OF,16.62,6,29,,162,,
17,"Machado, Manny",SD,SS,16.75,6,30,,162,,
18,"Story, Trevor",COL,SS,17.97,8,31,,162,,
19,"Harper, Bryce",PHI,OF,18.64,8,28,,162,,
20,"Goldschmidt, Paul",STL,1B,19.38,12,30,,162,,
21,"Freeman, Freddie",ATL,1B,20.94,13,29,,162,,
22,"Verlander, Justin",HOU,P,21.28,11,36,,162,,
23,"Stanton, Giancarlo",NYY,OF,22.06,10,32,,162,,
24,"Kluber, Corey",CLE,P,23.54,13,33,,162,,
25,"Nola, Aaron",PHI,P,25.46,13,36,,162,,
26,"Cole, Gerrit",HOU,P,26.02,14,40,,162,,
27,"Blackmon, Charlie",COL,OF,27.43,15,41,,162,,
28,"Benintendi, Andrew",BOS,OF,28.9,17,36,,162,,
29,"Snell, Blake",TB,P,29.29,19,40,,162,,
30,"Merrifield, Whit",KC,"2B, OF",31.23,21,47,,162,,
31,"Bauer, Trevor",CLE,P,33.26,25,48,,162,,
32,"Bryant, Kris",CHC,"3B, OF",33.27,16,48,,162,,
33,"Soto, Juan",WAS,OF,33.83,19,48,,162,,
34,"Marte, Starling",PIT,OF,35.79,25,47,,162,,
35,"Rizzo, Anthony",CHC,1B,35.93,18,56,,162,,
36,"Severino, Luis",NYY,P,36.2,20,71,,162,,
37,"Carrasco, Carlos",CLE,P,38.06,28,58,,162,,
38,"Buehler, Walker",LAD,P,39.54,14,50,,162,,
39,"Guerrero, Jr., Vladimir",TOR,3B,39.78,17,60,,162,,
40,"Syndergaard, Noah",NYM,P,40.72,25,65,,162,,
41,"Hoskins, Rhys",PHI,OF,40.8,25,55,,162,,
42,"Mondesi, Adalberto",KC,SS,41.81,24,66,,162,,
43,"Davis, Khris",OAK,UT,43.07,25,58,,162,,
44,"Kershaw, Clayton",LAD,P,43.7,24,110,,162,,
45,"Rendon, Anthony",WAS,3B,43.73,30,60,,162,,
46,"Bellinger, Cody",LAD,"1B, OF",45.51,34,62,,162,,
47,"Bogaerts, Xander",BOS,SS,48.28,30,65,,162,,
48,"Correa, Carlos",HOU,SS,48.78,22,75,,162,,
49,"Diaz, Edwin",NYM,P,50.75,30,72,,162,,
50,"Corbin, Patrick",WAS,P,51.35,32,74,,162,,
51,"Realmuto, J.T.",PHI,C,52.2,30,79,,162,,
52,"Suarez, Eugenio",CIN,3B,54.25,33,80,,162,,
53,"Paxton, James",NYY,P,56.17,38,84,,162,,
54,"Pham, Tommy",TB,OF,56.96,40,78,,162,,
55,"Albies, Ozzie",ATL,2B,57.31,31,82,,162,,
56,"Sanchez, Gary",NYY,C,57.98,32,99,,162,,
57,"Taillon, Jameson",PIT,P,58.85,36,96,,162,,
58,"Strasburg, Stephen",WAS,P,59.94,43,83,,162,,
59,"Cain, Lorenzo",MLW,OF,61.27,48,83,,162,,
60,"Treinen, Blake",OAK,P,61.62,42,79,,162,,
61,"Torres, Gleyber",NYY,"2B, SS",62.68,25,96,,162,,
62,"Springer, George",HOU,OF,63.17,37,92,,162,,
63,"Flaherty, Jack",STL,P,63.43,47,96,,162,,
64,"Segura, Jean",PHI,SS,63.43,35,88,,162,,
65,"Clevinger, Mike",CLE,P,64.5,43,90,,162,,
66,"Greinke, Zack",ARZ,P,66.85,49,94,,162,,
67,"Votto, Joey",CIN,1B,68.4,43,102,,162,,
68,"Dahl, David",COL,OF,70.81,41,119,,162,,
69,"Carpenter, Matt",STL,"1B, 3B",71.3,47,111,,162,,
70,"Kimbrel, Craig",BOS,P,73.34,49,105,,162,,
71,"Berrios, Jose",MIN,P,73.74,42,100,,162,,
72,"Chapman, Aroldis",NYY,P,74.27,49,99,,162,,
73,"Murphy, Daniel",COL,2B,75.24,46,167,,162,,
74,"Jansen, Kenley",LAD,P,75.32,52,103,,162,,
75,"Ozuna, Marcell",STL,OF,76.62,49,107,,162,,
76,"Bumgarner, Madison",SF,P,78.25,41,117,,162,,
77,"Andujar, Miguel",NYY,3B,78.27,50,120,,162,,
78,"Aguilar, Jesus",MLW,1B,80.15,48,128,,162,,
79,"Puig, Yasiel",CIN,OF,82.09,50,146,,162,,
80,"Seager, Corey",LAD,SS,82.17,53,120,,162,,
81,"Hand, Brad",CLE,P,82.86,63,110,,162,,
82,"Osuna, Roberto",HOU,P,83.31,55,107,,162,,
83,"Villar, Jonathan",BAL,2B,84.3,46,152,,162,,
84,"Marquez, German",COL,P,84.51,51,127,,162,,
85,"Abreu, Jose",CWS,1B,86.25,61,121,,162,,
86,"Rosario, Eddie",MIN,OF,86.91,63,111,,162,,
87,"Vazquez, Felipe",PIT,P,88.65,62,117,,162,,
88,"Foltynewicz, Mike",ATL,P,88.83,61,154,,162,,
89,"Gennett, Scooter",CIN,2B,89.04,53,142,,162,,
90,"Wheeler, Zack",NYM,P,90.32,63,126,,162,,
91,"Castellanos, Nicholas",DET,OF,92.03,59,122,,162,,
92,"Haniger, Mitch",SEA,OF,93.71,64,121,,162,,
93,"Cruz, Nelson",MIN,UT,94.82,63,139,,162,,
94,"Peraza, Jose",CIN,SS,96,64,129,,162,,
95,"Upton, Justin",LAA,OF,96.14,66,126,,162,,
96,"Robles, Victor",WAS,OF,97.05,56,142,,162,,
97,"Mikolas, Miles",STL,P,98.49,49,136,,162,,
98,"Shaw, Travis",MLW,"3B, 2B",98.79,70,130,,162,,
99,"Hader, Josh",MLW,P,100.14,60,152,,162,,
100,"Price, David",BOS,P,101.05,72,129,,162,,
101,"Donaldson, Josh",ATL,3B,101.79,51,145,,162,,
102,"Smith, Mallex",SEA,OF,102.27,67,144,,162,,
103,"Doolittle, Sean",WAS,P,102.81,71,146,,162,,
104,"Gallo, Joey",TEX,"OF, 1B",104.79,73,168,,162,,
105,"Gordon, Dee",SEA,"2B, OF",105.96,67,161,,162,,
106,"Iglesias, Raisel",CIN,P,107.8,79,148,,162,,
107,"Muncy, Max",LAD,"1B, 3B",108.75,57,172,,162,,
108,"Turner, Justin",LAD,3B,109.1,81,158,,162,,
109,"Myers, Wil",SD,"OF, 3B",109.15,61,139,,162,,
110,"Conforto, Michael",NYM,OF,109.54,63,144,,162,,
111,"Chapman, Matt",OAK,3B,111.11,72,154,,162,,
112,"Olson, Matt",OAK,1B,112.21,84,150,,162,,
113,"Castillo, Luis",CIN,P,113.73,81,149,,162,,
114,"Leclerc, Jose",TEX,P,114.01,75,148,,162,,
115,"Pollock, A.J.",LAD,OF,114.74,60,149,,162,,
116,"Yates, Kirby",SD,P,115.12,83,147,,162,,
117,"Morton, Charlie",TB,P,115.33,79,158,,162,,
118,"Davis, Wade",COL,P,115.42,84,148,,162,,
119,"Jimenez, Eloy",CWS,OF,116.36,54,168,,162,,
120,"Brantley, Michael",HOU,OF,118.22,73,150,,162,,
121,"Hicks, Aaron",NYY,OF,118.63,81,151,,162,,
122,"Profar, Jurickson",OAK,"SS, 3B, 1B",125.77,85,167,,162,,
123,"Encarnacion, Edwin",SEA,1B,126.46,79,167,,162,,
124,"Cano, Robinson",NYM,2B,127.17,66,170,,162,,
125,"Ray, Robbie",ARZ,P,127.66,91,162,,162,,
126,"Giles, Ken",TOR,P,128.46,84,173,,162,,
127,"Hendricks, Kyle",CHC,P,128.48,91,159,,162,,
128,"Knebel, Corey",MLW,P,132.19,87,184,,162,,
129,"Grandal, Yasmani",MLW,C,132.52,63,178,,162,,
130,"Odor, Rougned",TEX,2B,133.74,90,177,,162,,
131,"Anderson, Tim",CWS,SS,134.19,79,182,,162,,
132,"Inciarte, Ender",ATL,OF,135.1,105,203,,162,,
133,"Ramos, Wilson",NYM,C,135.46,84,166,,162,,
134,"Happ, J.A.",NYY,P,135.87,99,175,,162,,
135,"Tanaka, Masahiro",NYY,P,135.97,97,166,,162,,
136,"Archer, Chris",PIT,P,136.52,86,180,,162,,
137,"Peralta, David",ARZ,OF,136.86,101,169,,162,,
138,"Contreras, Willson",CHC,C,139.36,89,177,,162,,
139,"Desmond, Ian",COL,"1B, OF",140.97,65,172,,162,,
140,"Dozier, Brian",WAS,2B,141.4,81,191,,162,,
141,"McCutchen, Andrew",PHI,OF,143.18,99,195,,162,,
142,"Rosario, Amed",NYM,SS,143.35,101,179,,162,,
143,"Posey, Buster",SF,C,144.35,89,187,,162,,
144,"Moustakas, Mike",MLW,3B,146.08,103,184,,162,,
145,"Molina, Yadier",STL,C,147.38,113,175,,162,,
146,"Darvish, Yu",CHC,P,148.38,110,212,,162,,
147,"Devers, Rafael",BOS,3B,149.72,96,203,,162,,
148,"Piscotty, Stephen",OAK,OF,153.04,120,196,,162,,
149,"Bieber, Shane",CLE,P,153.22,106,217,,162,,
150,"Hamels, Cole",CHC,P,153.86,80,197,,162,,
151,"Pivetta, Nick",PHI,P,154.16,129,189,,162,,
152,"Hamilton, Billy",KC,OF,157.8,82,260,,162,,
153,"Moncada, Yoan",CWS,2B,158.3,113,224,,162,,
154,"Mazara, Nomar",TEX,OF,158.4,127,202,,162,,
155,"Freeland, Kyle",COL,P,158.51,94,221,,162,,
156,"Martinez, Carlos",STL,P,158.78,97,341,,162,,
157,"Rodriguez, Eduardo",BOS,P,158.86,129,218,,162,,
158,"Glasnow, Tyler",TB,P,159.29,106,218,,162,,
159,"Alvarado, Jose",TB,P,161.22,120,253,,162,,
160,"Allen, Cody",LAA,P,162.83,84,293,,162,,
161,"Cabrera, Miguel",DET,1B,163.7,113,217,,162,,
162,"Buxton, Byron",MIN,OF,165.34,94,240,,162,,
163,"Eovaldi, Nathan",BOS,P,165.9,108,220,,162,,
164,"Hill, Rich",LAD,P,166.58,119,218,,162,,
165,"Ohtani, Shohei",LAA,UT,169.38,69,298,,162,,
166,"Porcello, Rick",BOS,P,170.45,136,214,,162,,
167,"Heaney, Andrew",LAA,P,171.1,133,225,,162,,
168,"Nimmo, Brandon",NYM,OF,172,97,224,,162,,
169,"Kikuchi, Yusei",SEA,P,172.42,96,263,,162,,
170,"Hernandez, Cesar",PHI,2B,174.02,116,295,,162,,
171,"Hosmer, Eric",SD,1B,175.43,135,225,,162,,
172,"Robertson, David",PHI,P,177.07,97,363,,162,,
173,"Bader, Harrison",STL,OF,178.46,111,285,,162,,
174,"Escobar, Eduardo",ARZ,"3B, SS",179.33,75,242,,162,,
175,"Andrus, Elvis",TEX,SS,182.2,111,274,,162,,
176,"Keuchel, Dallas",HOU,P,182.4,102,237,,162,,
177,"Ryu, Hyun-Jin",LAD,P,182.43,144,236,,162,,
178,"Vizcaino, Arodys",ATL,P,183.66,117,254,,162,,
179,"Schoop, Jonathan",MIN,2B,184.23,139,255,,162,,
180,"Perez, Salvador",KC,C,184.53,51,334,,144,,
181,"Meadows, Austin",TB,OF,187.13,139,264,,162,,
182,"Laureano, Ramon",OAK,OF,187.23,126,288,,162,,
183,"Smith, Will",SF,P,187.83,146,249,,162,,
184,"DeJong, Paul",STL,SS,188,148,263,,162,,
185,"Bradley, Archie",ARZ,P,190.76,136,283,,162,,
186,"Lester, Jon",CHC,P,191.73,147,292,,162,,
187,"Gurriel, Yuli",HOU,"1B, 3B",192.51,144,322,,162,,
188,"Voit, Luke",NYY,1B,192.91,107,294,,162,,
189,"Hampson, Garrett",COL,SS,193.79,125,285,,162,,
190,"Jansen, Danny",TOR,C,193.79,137,265,,162,,
191,"Winker, Jesse",CIN,OF,194.41,147,262,,162,,
192,"Quintana, Jose",CHC,P,195.94,140,246,,162,,
193,"Renfroe, Hunter",SD,OF,196.73,149,291,,162,,
194,"James, Josh",HOU,P,198.66,147,291,,162,,
195,"Eaton, Adam",WAS,OF,202.73,147,261,,162,,
196,"Dominguez, Seranthony",PHI,P,203.46,120,296,,162,,
197,"Hicks, Jordan",STL,P,203.55,137,296,,162,,
198,"Braun, Ryan",MLW,OF,203.65,137,273,,162,,
199,"Reyes, Alex",STL,P,204.44,141,286,,162,,
200,"Gausman, Kevin",ATL,P,204.51,145,281,,162,,
201,"Santana, Carlos",CLE,1B,205.29,129,283,,162,,
202,"Dickerson, Corey",PIT,OF,205.51,125,277,,162,,
203,"Gray, Jon",COL,P,206.78,150,284,,162,,
204,"Lucchesi, Joey",SD,P,209.86,159,302,,162,,
205,"Schwarber, Kyle",CHC,OF,210.95,159,330,,162,,
206,"Wendle, Joey",TB,"2B, 3B",211.57,160,294,,162,,
207,"Maeda, Kenta",LAD,P,215.76,162,288,,162,,
208,"Gomes, Yan",WAS,C,216.16,145,320,,162,,
209,"Arrieta, Jake",PHI,P,216.52,161,285,,162,,
210,"Martinez, Jose",STL,"1B, OF",218.03,150,342,,162,,
211,"Senzel, Nick",CIN,2B,220.34,148,312,,162,,
212,"Miller, Andrew",STL,P,221.51,121,423,,162,,
213,"Colome, Alex",CWS,P,222.73,160,420,,162,,
214,"Givens, Mychal",BAL,P,223.17,160,342,,162,,
215,"Newcomb, Sean",ATL,P,224.19,164,309,,162,,
216,"Marte, Ketel",ARZ,"2B, SS",225.02,166,298,,162,,
217,"Reyes, Franmil",SD,OF,225.35,126,362,,162,,
218,"Musgrove, Joe",PIT,P,225.48,164,358,,162,,
219,"Semien, Marcus",OAK,SS,226.54,164,296,,162,,
220,"Sano, Miguel",MIN,3B,226.6,74,340,,161,,
221,"Bradley Jr., Jackie",BOS,OF,227.19,158,325,,162,,
222,"Stripling, Ross",LAD,P,227.65,164,297,,162,,
223,"Strop, Pedro",CHC,P,228.04,135,512,,162,,
224,"Polanco, Jorge",MIN,SS,228.16,161,322,,162,,
225,"Skaggs, Tyler",LAA,P,230.36,129,313,,162,,
226,"Castillo, Welington",CWS,C,230.78,151,301,,162,,
227,"Adames, Willy",TB,SS,231.17,169,344,,162,,
228,"McHugh, Collin",HOU,P,232.04,145,456,,162,,
229,"Taylor, Chris",LAD,"SS, OF",232.77,184,327,,162,,
230,"Luzardo, Jesus",OAK,P,234.55,159,371,,162,,
231,"Smoak, Justin",TOR,1B,234.68,172,297,,162,,
232,"Gonzalez, Marwin",MIN,"1B, 2B, SS, OF",237.41,139,327,,162,,
233,"Whitley, Forrest",HOU,P,238.98,175,316,,162,,
234,"Minter, A.J.",ATL,P,239.36,157,332,,162,,
235,"Simmons, Andrelton",LAA,SS,239.98,159,330,,162,,
236,"Polanco, Gregory",PIT,OF,240.96,124,353,,160,,
237,"Bauers, Jake",CLE,"1B, OF",241.86,190,309,,162,,
238,"Wood, Alex",CIN,P,243,171,302,,162,,
239,"Zunino, Mike",TB,C,243.02,156,328,,162,,
240,"Alfaro, Jorge",MIA,C,243.06,159,327,,162,,
241,"May, Trevor",MIN,P,243.1,159,351,,162,,
242,"Herrera, Odubel",PHI,OF,243.69,136,356,,162,,
243,"Mancini, Trey",BAL,"OF, 1B",243.78,184,317,,162,,
244,"Astudillo, Willians",MIN,C,244.64,115,383,,161,,
245,"Chirinos, Robinson",HOU,C,245.12,175,325,,162,,
246,"Greene, Shane",DET,P,245.83,133,414,,162,,
247,"Godley, Zack",ARZ,P,246.8,181,317,,162,,
248,"Nelson, Jimmy",MLW,P,247.55,187,333,,162,,
249,"Cabrera, Asdrubal",TEX,"2B, SS, 3B",248.82,160,413,,161,,
250,"Kepler, Max",MIN,OF,249.03,176,331,,162,,
251,"Alonso, Peter",NYM,1B,251.38,130,334,,162,,
252,"LeMahieu, DJ",NYY,2B,251.74,108,356,,160,,
253,"White, Tyler",HOU,1B,252.85,182,384,,162,,
254,"Morrow, Brandon",CHC,P,252.93,107,354,,162,,
255,"Grichuk, Randal",TOR,OF,253.8,194,356,,162,,
256,"Matz, Steven",NYM,P,255.32,191,317,,162,,
257,"Santana, Domingo",SEA,OF,256.67,129,519,,162,,
258,"Steckenrider, Drew",MIA,P,257.81,179,515,,161,,
259,"Mejia, Francisco",SD,C,258.01,180,357,,162,,
260,"Cron, C.J.",MIN,1B,261.39,172,408,,162,,
261,"Seager, Kyle",SEA,3B,263.98,157,353,,161,,
262,"Bell, Josh",PIT,1B,266.72,194,335,,162,,
263,"Gurriel Jr., Lourdes",TOR,"SS, 2B",266.91,176,347,,159,,
264,"Betances, Dellin",NYY,P,270.6,164,355,,160,,
265,"Happ, Ian",CHC,"OF, 3B",272.02,173,335,,160,,
266,"Barnhart, Tucker",CIN,C,272.48,190,351,,162,,
267,"Cervelli, Francisco",PIT,C,274.15,132,388,,162,,
268,"Tucker, Kyle",HOU,OF,277.64,185,359,,160,,
269,"Lopez, Reynaldo",CWS,P,277.93,157,358,,159,,
270,"Margot, Manuel",SD,OF,277.96,168,344,,161,,
271,"Chacin, Jhoulys",MLW,P,278.32,211,360,,160,,
272,"Lamb, Jake",ARZ,3B,278.96,176,359,,161,,
273,"Barnes, Matt",BOS,P,280.61,176,485,,162,,
274,"Gray, Sonny",CIN,P,280.81,219,358,,162,,
275,"Wacha, Michael",STL,P,281.6,150,345,,161,,
276,"Choo, Shin-Soo",TEX,OF,282.44,198,356,,159,,
277,"Gibson, Kyle",MIN,P,283.88,156,360,,162,,
278,"Kiner-Falefa, Isiah",TEX,"3B, C, 2B",284.1,223,353,,160,,
279,"Urias, Julio",LAD,P,286.4,183,366,,160,,
280,"Sanchez, Anibal",WAS,P,286.96,174,486,,162,,
281,"Gonzales, Marco",SEA,P,292.41,228,374,,161,,
282,"Allen, Greg",CLE,OF,293.81,199,406,,161,,
283,"Bruce, Jay",SEA,"OF, 1B",295.2,197,373,,160,,
284,"Williams, Trevor",PIT,P,295.86,181,357,,152,,
285,"Mullins, Cedric",BAL,OF,296.5,184,514,,161,,
286,"Narvaez, Omar",SEA,C,297.52,227,425,,162,,
287,"Lowrie, Jed",NYM,2B,297.86,163,377,,152,,
288,"Tatis, Jr., Fernando",SD,SS,298.62,184,362,,153,,
289,"Jeffress, Jeremy",MLW,P,300.67,182,356,,154,,
290,"Anderson, Brian",MIA,"OF, 3B",300.75,172,430,,158,,
291,"Rodon, Carlos",CWS,P,301,199,363,,161,,
292,"Kemp, Matt",CIN,OF,304.92,157,395,,153,,
293,"Teheran, Julio",ATL,P,305.14,163,368,,158,,
294,"Weaver, Luke",ARZ,P,306.85,217,379,,159,,
295,"Franco, Maikel",PHI,3B,306.88,177,366,,155,,
296,"Lucroy, Jonathan",LAA,C,312.53,214,367,,156,,
297,"Bundy, Dylan",BAL,P,312.82,205,395,,157,,
298,"Burnes, Corbin",MLW,P,315.39,206,491,,159,,
299,"Hernandez, Kike",LAD,"OF, 2B, SS",316.83,237,370,,157,,
300,"Strickland, Hunter",SEA,P,317.04,179,594,,157,,
301,"Souza Jr., Steven",ARZ,OF,317.15,161,431,,158,,
302,"Alonso, Yonder",CWS,1B,319.69,222,390,,152,,
303,"Hedges, Austin",SD,C,322.28,190,388,,155,,
304,"Goodrum, Niko",DET,"2B, 1B",322.51,232,371,,156,,
305,"Suzuki, Kurt",WAS,C,326.67,193,381,,151,,
306,"Fulmer, Michael",DET,P,327.99,227,404,,152,,
307,"Peacock, Brad",HOU,P,329.54,214,493,,156,,
308,"Ottavino, Adam",NYY,P,329.62,187,451,,142,,
309,"Herrera, Kelvin",CWS,P,332.21,169,448,,151,,
310,"McNeil, Jeff",NYM,2B,332.67,143,437,,148,,
311,"Boyd, Matthew",DET,P,333.12,237,431,,152,,
312,"Soroka, Mike",ATL,P,334.05,213,468,,145,,
313,"Rodriguez, Dereck",SF,P,336.04,217,409,,151,,
314,"Toussaint, Touki",ATL,P,336.78,198,441,,148,,
315,"Markakis, Nick",ATL,OF,339.15,164,413,,145,,
316,"Kiermaier, Kevin",TB,OF,339.2,217,446,,152,,
317,"Palka, Daniel",CWS,OF,342.82,199,424,,144,,
318,"Eflin, Zach",PHI,P,343.81,243,408,,149,,
319,"Woodruff, Brandon",MLW,P,343.93,253,414,,149,,
320,"Pillar, Kevin",TOR,OF,345.3,245,408,,151,,
321,"Fiers, Mike",OAK,P,345.35,207,393,,144,,
322,"Pederson, Joc",LAD,OF,350.14,191,427,,142,,
323,"Hernandez, Teoscar",TOR,OF,353.4,171,404,,140,,
324,"Boxberger, Brad",KC,P,353.61,157,590,,149,,
325,"Castro, Starlin",MIA,2B,355.94,253,414,,147,,
326,"Zimmerman, Ryan",WAS,1B,356.98,223,438,,143,,
327,"Diaz, Elias",PIT,C,358.7,232,434,,143,,
328,"Minor, Mike",TEX,P,359.18,174,414,,138,,
329,"Stroman, Marcus",TOR,P,360.06,233,412,,144,,
330,"Barnes, Austin",LAD,C,365.12,228,484,,143,,
331,"Jones, Adam",BAL,OF,365.15,218,440,,138,,
332,"Junis, Jake",KC,P,366.18,249,432,,144,,
333,"Holland, Derek",SF,P,367.41,187,520,,153,,
334,"Pineda, Michael",MIN,P,370.51,258,560,,154,,
335,"Peralta, Freddy",MLW,P,372.46,222,480,,138,,
336,"Parker, Blake",MIN,P,373.45,196,536,,141,,
337,"Peralta, Wily",KC,P,373.52,242,459,,136,,
338,"Gregorius, Didi",NYY,SS,373.52,168,425,,126,,
339,"Stewart, Christin",DET,OF,374.36,139,461,,138,,
340,"Garcia, Avisail",TB,OF,378.36,229,488,,136,,
341,"DeShields, Delino",TEX,OF,378.95,243,480,,147,,
342,"Soler, Jorge",KC,OF,379.96,254,455,,141,,
343,"O'Neill, Tyler",STL,OF,380.3,193,428,,134,,
344,"Schebler, Scott",CIN,OF,381.51,200,453,,125,,
345,"Pressly, Ryan",HOU,P,383.24,250,547,,147,,
346,"Camargo, Johan",ATL,3B,384.03,157,443,,126,,
347,"Frazier, Adam",PIT,"2B, OF",384.69,259,446,,136,,
348,"Hicks, John",DET,"1B, C",386.27,218,500,,132,,
349,"Brasier, Ryan",BOS,P,392,230,591,,146,,
350,"Sanchez, Aaron",TOR,P,395.54,241,482,,140,,
351,"Melancon, Mark",SF,P,395.64,206,557,,143,,
352,"Belt, Brandon",SF,1B,395.75,225,429,,127,,
353,"O'Hearn, Ryan",KC,1B,396.65,244,446,,129,,
354,"Urias, Luis",SD,2B,397.91,215,408,,126,,
355,"Martin, Leonys",CLE,OF,398.22,257,551,,137,,
356,"Gardner, Brett",NYY,OF,403.83,228,431,,124,,
357,"Velasquez, Vince",PHI,P,405.04,273,477,,130,,
358,"Harvey, Matt",LAA,P,405.47,265,474,,132,,
359,"Holland, Greg",ARZ,P,409.35,178,593,,127,,
360,"Kingery, Scott",PHI,SS,410.29,256,429,,124,,
361,"Britton, Zack",NYY,P,412.49,170,469,,114,,
362,"Garver, Mitch",MIN,C,413.22,181,424,,118,,
363,"Cordero, Franchy",SD,OF,414.88,235,441,,122,,
364,"Jimenez, Joe",DET,P,414.96,236,477,,122,,
365,"Iannetta, Chris",COL,C,416.33,259,506,,123,,
366,"Perez, Hernan",MLW,"2B, 3B, SS, OF",416.61,271,470,,127,,
367,"Strahm, Matt",SD,P,416.94,229,584,,140,,
368,"Cahill, Trevor",LAA,P,417.82,288,510,,130,,
369,"Longoria, Evan",SF,3B,419.75,269,433,,114,,
370,"Paddack, Chris",SD,P,427.97,197,587,,134,,
371,"Sheffield, Justus",SEA,P,428.86,78,478,,124,,
372,"Candelario, Jeimer",DET,3B,429.01,228,426,,112,,
373,"Bour, Justin",LAA,1B,430.56,130,583,,126,,
374,"Kipnis, Jason",CLE,2B,431.3,208,474,,114,,
375,"Flores, Wilmer",ARZ,1B,431.33,265,598,,119,,
376,"Familia, Jeurys",NYM,P,432.59,209,460,,112,,
377,"Verdugo, Alex",LAD,OF,433.33,239,523,,112,,
378,"Odorizzi, Jake",MIN,P,434.34,278,486,,126,,
379,"Nunez, Eduardo",BOS,"2B, 3B",435.48,276,455,,117,,
380,"Kinsler, Ian",SD,2B,437.09,249,479,,117,,
381,"Urena, Jose",MIA,P,437.2,282,470,,115,,
382,"DeSclafani, Anthony",CIN,P,437.35,264,482,,118,,
383,"Calhoun, Willie",TEX,OF,438.98,230,449,,108,,
384,"Swanson, Dansby",ATL,SS,441.49,244,459,,108,,
385,"Buttrey, Ty",LAA,P,444.79,198,550,,106,,
386,"Hiura, Keston",MLW,2B,445.03,185,539,,105,,
387,"Anderson, Chase",MLW,P,445.44,265,479,,111,,
388,"Calhoun, Kole",LAA,OF,445.8,287,503,,114,,
389,"Flowers, Tyler",ATL,C,446.04,279,459,,111,,
390,"Arcia, Orlando",MLW,SS,447.25,211,437,,106,,
391,"McMahon, Ryan",COL,1B,448.96,271,550,,112,,
392,"Brinson, Lewis",MIA,OF,453.86,182,519,,115,,
393,"Healy, Ryon",SEA,1B,454.25,271,512,,107,,
394,"Thames, Eric",MLW,"OF, 1B",455.73,289,509,,115,,
395,"Samardzija, Jeff",SF,P,456.14,256,575,,117,,
396,"Kela, Keone",PIT,P,457.35,280,462,,105,,
397,"Zobrist, Ben",CHC,"OF, 2B",458.9,270,488,,103,,
398,"Yarbrough, Ryan",TB,P,460.34,303,520,,104,,
399,"Kelly, Merrill",ARZ,P,461.65,257,581,,116,,
400,"Sabathia, CC",NYY,P,464.29,225,480,,111,,
401,"Miley, Wade",HOU,P,464.91,282,593,,119,,
402,"Diaz, Yandy",TB,3B,467.83,294,490,,104,,
403,"Kelly, Carson",ARZ,C,468.04,265,595,,101,,
404,"Alcantara, Sandy",MIA,P,468.14,288,547,,110,,
405,"Guzman, Ronald",TEX,1B,468.41,292,528,,106,,
406,"Romo, Sergio",MIA,P,470.81,243,593,,119,,
407,"Rosenthal, Trevor",WAS,P,475.57,305,554,,110,,
408,"Barria, Jaime",LAA,P,476.62,269,518,,101,,
409,"Keller, Brad",KC,P,476.8,239,558,,107,,
410,"Crawford, Brandon",SF,SS,478.31,297,480,,98,,
411,"Honeywell, Brent",TB,P,479.3,307,589,,103,,
412,"Roark, Tanner",CIN,P,479.47,302,482,,104,,
413,"Munoz, Yairo",STL,"2B, 3B, SS, OF",479.57,306,557,,101,,
414,"Lugo, Seth",NYM,P,480.5,314,599,,114,,
415,"Gonzalez, Gio",MLW,P,481.4,264,545,,106,,
416,"Anderson, Tyler",COL,P,481.47,205,535,,101,,
417,"Swarzak, Anthony",SEA,P,482.77,203,573,,100,,
418,"Tulowitzki, Troy",NYY,SS,483.79,234,570,,106,,
419,"Hirano, Yoshihisa",ARZ,P,484.52,279,574,,103,,
420,"Quinn, Roman",PHI,OF,485.43,258,587,,109,,
421,"Duffy, Danny",KC,P,485.73,300,533,,99,,
422,"Diaz, Aledmys",HOU,"SS, 3B",486.69,329,567,,97,,
423,"Smith, Caleb",MIA,P,487.01,315,554,,104,,
424,"McCann, Brian",ATL,C,487.6,313,521,,98,,
425,"Rodgers, Brendan",COL,SS,487.7,173,551,,101,,
426,"Moran, Colin",PIT,3B,488.1,325,526,,99,,
427,"Reddick, Josh",HOU,OF,488.78,264,535,,100,,
428,"Taylor, Michael",WAS,OF,489.4,283,584,,108,,
429,"Castillo, Diego",TB,P,490.5,268,588,,107,,
430,"Richards, Trevor",MIA,P,491.43,225,560,,105,,
431,"Rogers, Taylor",MIN,P,492.04,269,585,,107,,
432,"Ahmed, Nick",ARZ,SS,493.64,301,534,,97,,
433,"Cespedes, Yoenis",NYM,OF,494.2,256,589,,99,,
434,"Duggar, Steven",SF,OF,494.36,317,510,,97,,
435,"Green, Chad",NYY,P,494.59,253,537,,99,,
436,"Cozart, Zack",LAA,3B,495.18,336,595,,103,,
437,"Lynn, Lance",TEX,P,495.77,285,551,,100,,
438,"Trumbo, Mark",BAL,UT,496.53,277,597,,102,,
439,"Kang, Jung Ho",PIT,3B,497.23,267,564,,104,,
440,"Salazar, Danny",CLE,P,498.72,261,564,,98,,
441,"Pina, Manny",MLW,C,503.36,314,547,,95,,
442,"Tapia, Raimel",COL,OF,503.49,270,599,,108,,
443,"Pujols, Albert",LAA,1B,504.91,282,548,,99,,
444,"Williams, Nick",PHI,OF,504.94,321,572,,98,,
445,"Gonzalez, Carlos",COL,OF,505.9,232,573,,98,,
446,"Moreland, Mitch",BOS,1B,506.02,258,561,,98,,
447,"Pinder, Chad",OAK,"OF, 2B",506.44,286,592,,100,,
448,"Harrison, Josh",DET,2B,506.7,285,592,,97,,
449,"Duffy, Matt",TB,3B,506.88,332,583,,98,,
450,"Smyly, Drew",TEX,P,507.43,291,577,,101,,
451,"Vazquez, Christian",BOS,C,508.27,298,592,,98,,
452,"Bichette, Bo",TOR,SS,508.55,265,555,,100,,
453,"Ross, Joe",WAS,P,509.35,293,595,,103,,
454,"German, Domingo",NYY,P,509.79,242,590,,104,,
455,"Morales, Kendrys",TOR,UT,511.45,267,563,,98,,
456,"Chirinos, Yonny",TB,P,512.17,329,562,,101,,
457,"Broxton, Keon",NYM,OF,512.33,263,585,,94,,
458,"Bird, Greg",NYY,1B,514.51,343,571,,103,,
459,"Nunez, Renato",BAL,3B,514.68,308,595,,100,,
460,"Jones, Nate",CWS,P,515.2,220,591,,96,,
461,"Barreto, Franklin",OAK,2B,517.36,354,585,,98,,
462,"Beckham, Tim",SEA,"SS, 3B",517.55,347,581,,95,,
463,"Giolito, Lucas",CWS,P,517.92,334,582,,99,,
464,"Buchholz, Clay",TOR,P,519.8,316,585,,98,,
465,"Martin, Russell",LAD,"C, 3B",524.15,280,599,,95,,
466,"Keller, Mitch",PIT,P,524.9,391,593,,97,,
467,"Pearce, Steve",BOS,1B,524.93,321,595,,99,,
468,"Fowler, Dexter",STL,OF,526.17,340,583,,97,,
469,"Solarte, Yangervis",TOR,"3B, 2B",526.41,345,593,,96,,
470,"Cave, Jake",MIN,OF,526.72,347,589,,93,,
471,"Sisco, Chance",BAL,C,527.92,249,588,,90,,
472,"Shoemaker, Matt",TOR,P,528.15,304,599,,96,,
473,"Wong, Kolten",STL,2B,530.01,317,591,,97,,
474,"Pomeranz, Drew",SF,P,530.35,334,584,,99,,
475,"Romine, Austin",NYY,C,530.51,362,592,,92,,
476,"Frazier, Todd",NYM,3B,530.63,341,581,,97,,
477,"Kingham, Nick",PIT,P,530.94,353,598,,95,,
478,"Heyward, Jason",CHC,OF,531.17,366,583,,97,,
479,"Edwards Jr., Carl",CHC,P,531.57,337,596,,96,,
480,"Lowe, Brandon",TB,2B,531.81,291,597,,99,,
481,"Norris, Bud",TOR,P,533.17,191,597,,90,,
482,"Jankowski, Travis",SD,OF,533.48,364,595,,97,,
483,"Dozier, Hunter",KC,"1B, 3B",534.22,326,597,,98,,
484,"Erlin, Robbie",SD,P,534.83,298,594,,94,,
485,"Gordon, Alex",KC,OF,534.84,401,600,,95,,
486,"Sanchez, Yolmer",CWS,3B,535.11,331,598,,96,,
487,"Kelly, Joe",LAD,P,535.26,324,599,,96,,
488,"Frazier, Clint",NYY,OF,535.33,329,600,,94,,
489,"Robertson, Daniel",TB,"2B, SS",536.98,331,598,,97,,
490,"Swihart, Blake",BOS,"C, OF",537.5,350,593,,92,,
491,"Greiner, Grayson",DET,C,537.71,345,583,,85,,
492,"LeBlanc, Wade",SEA,P,538.01,359,593,,93,,
493,"Soria, Joakim",OAK,P,538.35,330,600,,103,,
494,"Loaisiga, Jonathan",NYY,P,538.4,270,597,,95,,
495,"Galvis, Freddy",TOR,SS,539.79,312,586,,92,,
496,"Crawford, J.P.",SEA,SS,540.89,373,600,,93,,
497,"Cease, Dylan",CWS,P,541.2,295,588,,98,,
498,"Dietrich, Derek",MIA,"OF, 1B",541.78,389,599,,92,,
499,"Zimmer, Bradley",CLE,OF,541.9,356,599,,92,,
500,"Trivino, Lou",OAK,P,542.23,307,588,,97,,
501,"Adams, Matt",WAS,1B,542.43,334,600,,96,,
502,"Hays, Austin",BAL,OF,543.46,346,599,,96,,
503,"Castillo, Jose",SD,P,543.93,314,597,,91,,
504,"Lowe, Nathaniel",TB,1B,544.06,337,598,,88,,
505,"Tellez, Rowdy",TOR,1B,544.09,353,587,,90,,
506,"Leake, Mike",SEA,P,544.35,387,596,,93,,
507,"Choi, Ji-Man",TB,UT,544.51,332,596,,79,,
508,"Fried, Max",ATL,P,545.4,316,591,,91,,
509,"Fry, Jace",CWS,P,545.73,278,600,,87,,
510,"Walker, Neil",MIA,"1B, 2B, 3B",545.98,319,600,,83,,
511,"Pedroia, Dustin",BOS,2B,546.46,312,598,,91,,
512,"Mengden, Daniel",OAK,P,547.98,383,598,,92,,
513,"Valdez, Framber",HOU,P,548.82,289,595,,87,,
514,"Puk, AJ",OAK,P,549.45,315,600,,91,,
515,"Ross, Tyson",DET,P,549.56,305,600,,90,,
516,"Davis, Chris",BAL,1B,549.87,336,598,,95,,
517,"Fowler, Dustin",OAK,OF,550.4,386,598,,92,,
518,"Russell, Addison",CHC,SS,551.49,365,599,,91,,
519,"Austin, Tyler",MIN,1B,551.69,316,598,,85,,
520,"McCann, James",CWS,C,552.14,297,596,,88,,
521,"Stammen, Craig",SD,P,552.68,351,594,,89,,
522,"Hanson, Alen",SF,"2B, OF",552.78,376,597,,92,,
523,"Conley, Adam",MIA,P,552.98,383,597,,92,,
524,"Stassi, Max",HOU,C,553.18,282,599,,91,,
525,"Chisenhall, Lonnie",PIT,OF,555.71,345,598,,87,,
526,"Allen, Logan",SD,P,556.2,314,600,,85,,
527,"Almora Jr., Albert",CHC,OF,557.64,377,600,,86,,
528,"Fletcher, David",LAA,"2B, 3B",557.92,390,598,,82,,
529,"Plawecki, Kevin",CLE,C,559.08,341,600,,82,,
530,"Nova, Ivan",CWS,P,559.19,364,600,,93,,
531,"Gohara, Luiz",ATL,P,559.28,320,599,,87,,
532,"Cishek, Steve",CHC,P,559.41,312,599,,86,,
533,"Neris, Hector",PHI,P,560.13,311,599,,74,,
534,"O'Brien, Peter",MIA,1B,561.09,307,598,,76,,
535,"Williamson, Mac",SF,OF,561.98,344,600,,71,,
536,"Hildenberger, Trevor",MIN,P,562.17,357,599,,67,,
537,"McKinney, Billy",TOR,OF,562.24,380,598,,79,,
538,"Gattis, Evan",HOU,UT,562.28,343,600,,78,,
539,"Ponce de Leon, Daniel",STL,P,562.4,333,600,,70,,
540,"Riley, Austin",ATL,3B,562.54,349,599,,80,,
541,"Eickhoff, Jerad",PHI,P,564.54,340,599,,76,,
542,"Hudson, Dakota",STL,P,564.66,325,599,,72,,
543,"Owings, Chris",KC,OF,564.73,334,599,,77,,
544,"Hughes, Jared",CIN,P,564.75,341,597,,78,,
545,"Wieters, Matt",WAS,C,564.77,325,600,,68,,
546,"Duvall, Adam",ATL,OF,565.73,366,598,,78,,
547,"Gant, John",STL,P,566.29,362,599,,71,,
548,"Maldonado, Martin",HOU,C,567.16,360,600,,69,,
549,"Dyson, Jarrod",ARZ,OF,567.27,343,596,,67,,
550,"Panik, Joe",SF,2B,567.8,420,596,,74,,
551,"Manaea, Sean",OAK,P,567.92,390,600,,71,,
552,"Cobb, Alex",BAL,P,569.35,297,598,,77,,
553,"Armstrong, Shawn",SEA,P,569.84,309,597,,62,,
554,"Oh, Seunghwan",COL,P,569.97,407,599,,82,,
555,"Estrada, Marco",OAK,P,570.01,376,592,,57,,
556,"Borucki, Ryan",TOR,P,570.52,350,599,,68,,
557,"Lauer, Eric",SD,P,570.99,315,600,,61,,
558,"Duplantier, Jon",ARZ,P,571.44,349,600,,63,,
559,"d'Arnaud, Travis",NYM,C,571.54,366,598,,65,,
560,"Adell, Jo",LAA,OF,571.91,343,600,,60,,
561,"Suarez, Andrew",SF,P,572.35,345,600,,73,,
562,"Santana, Ervin",MIN,P,573.66,345,598,,67,,
563,"Rojas, Miguel",MIA,"SS, 3B, 1B",573.77,412,599,,64,,
564,"Murphy, Tom",COL,C,574.62,388,600,,60,,
565,"Tepera, Ryan",TOR,P,574.62,369,600,,67,,
566,"Brach, Brad",CHC,P,574.73,284,596,,50,,
567,"Gyorko, Jedd",STL,3B,575.43,392,599,,65,,
568,"Culberson, Charlie",ATL,"OF, SS, 3B",575.7,349,599,,62,,
569,"Holt, Brock",BOS,"2B, SS",575.99,373,599,,62,,
570,"Wright, Kyle",ATL,P,576.15,354,600,,60,,
571,"Mahle, Tyler",CIN,P,576.26,429,595,,52,,
572,"Walker, Taijuan",ARZ,P,576.67,307,599,,64,,
573,"Montgomery, Mike",CHC,P,577.15,341,597,,57,,
574,"Caratini, Victor",CHC,"C, 1B",577.49,409,597,,64,,
575,"Davies, Zach",MLW,P,578.78,311,598,,53,,
576,"Devenski, Chris",HOU,P,579.01,362,600,,60,,
577,"Barraclough, Kyle",WAS,P,579.1,383,599,,61,,
578,"Roe, Chaz",TB,P,579.71,268,600,,44,,
579,"Parra, Gerardo",COL,OF,579.99,365,599,,44,,
580,"Wainwright, Adam",STL,P,580.12,267,600,,48,,
581,"Drury, Brandon",TOR,3B,580.31,422,598,,49,,
582,"Ferguson, Caleb",LAD,P,580.43,360,598,,54,,
583,"Rondon, Hector",HOU,P,580.5,357,600,,68,,
584,"Iglesias, Jose",DET,SS,581.15,334,597,,43,,
585,"Mesa, Victor Victor",FA,OF,581.75,322,596,,39,,
586,"Lopez, Pablo",MIA,P,581.86,301,599,,43,,
587,"Faria, Jacob",TB,P,582.69,349,595,,45,,
588,"Engel, Adam",CWS,OF,582.99,318,600,,40,,
589,"Martini, Nick",OAK,OF,582.99,400,599,,40,,
590,"Castro, Jason",MIN,C,583.06,463,600,,53,,
591,"Davidson, Matt",CWS,1B,583.12,344,600,,48,,
592,"Hellickson, Jeremy",WAS,P,583.31,396,589,,43,,
593,"Stewart, DJ",BAL,OF,583.41,442,600,,49,,
594,"Chavez, Jesse",TEX,P,583.6,425,599,,51,,
595,"Travis, Devon",TOR,2B,583.6,365,599,,53,,
596,"Kirilloff, Alex",MIN,OF,583.72,278,600,,41,,
597,"Naquin, Tyler",CLE,OF,583.74,441,592,,41,,
598,"Martin, Richie",BAL,SS,583.75,353,600,,48,,
599,"Mercer, Jordy",DET,SS,584.03,438,597,,49,,
600,"Wynns, Austin",BAL,C,584.57,412,595,,38,,
601,"Stanek, Ryne",TB,P,584.6,324,598,,36,,
602,"Mize, Casey",DET,P,584.69,276,598,,27,,
603,"Watson, Tony",SF,P,584.9,308,599,,49,,
604,"Granderson, Curtis",MLW,OF,585.33,416,596,,42,,
605,"Smith, Kevan",LAA,C,585.42,398,600,,50,,
606,"Difo, Wilmer",WAS,"2B, 3B",585.8,439,599,,39,,
607,"Straily, Dan",MIA,P,585.97,445,598,,47,,
608,"Phillips, Brett",KC,OF,586.1,351,598,,40,,
609,"Freese, David",LAD,"3B, 1B",586.35,409,599,,40,,
610,"Jones, JaCoby",DET,OF,587.64,429,600,,39,,
611,"Hernandez, Felix",SEA,P,587.69,443,600,,44,,
612,"Miller, Shelby",TEX,P,587.8,374,599,,35,,
613,"Garcia, Aramis",SF,C,587.88,377,595,,30,,
614,"Dean, Austin",MIA,OF,588.23,413,600,,33,,
615,"Romero, Fernando",MIN,P,588.32,325,591,,26,,
616,"Vargas, Jason",NYM,P,588.94,412,599,,30,,
617,"Hundley, Nick",SF,C,589.04,410,597,,35,,
618,"Kendrick, Howie",WAS,2B,589.06,342,600,,32,,
619,"Lamet, Dinelson",SD,P,589.12,471,600,,41,,
620,"Garcia, Leury",CWS,OF,589.28,351,599,,28,,
621,"Gsellman, Robert",NYM,P,589.29,425,600,,30,,
622,"Thornburg, Tyler",BOS,P,589.83,469,597,,34,,
623,"Diaz, Yusniel",BAL,OF,589.98,443,600,,28,,
624,"Perez, Roberto",CLE,C,590.18,397,595,,29,,
625,"Newman, Kevin",PIT,SS,590.31,432,600,,29,,
626,"Chavis, Michael",BOS,3B,590.32,219,600,,21,,
627,"Gonzalez, Erik",PIT,"2B, 3B",590.57,460,599,,30,,
628,"Reed, Addison",MIN,P,590.99,343,595,,26,,
629,"Chen, Wei-Yin",MIA,P,591.02,439,600,,35,,
630,"Kemp, Tony",HOU,OF,591.13,470,595,,30,,
631,"Kieboom, Carter",WAS,SS,591.14,435,599,,31,,
632,"Black, Ray",SF,P,591.31,440,599,,29,,
633,"Karns, Nate",BAL,P,591.38,395,598,,23,,
634,"Bote, David",CHC,3B,591.59,410,591,,25,,
635,"Ervin, Phillip",CIN,OF,591.62,368,600,,25,,
636,"Reid-Foley, Sean",TOR,P,591.73,462,600,,32,,
637,"Pirela, Jose",SD,"2B, OF",591.88,461,598,,26,,
638,"Vogelbach, Dan",SEA,1B,592.17,331,598,,24,,
639,"Descalso, Daniel",CHC,"2B, 3B",592.29,438,598,,30,,
640,"Jay, Jon",CWS,OF,592.53,443,597,,24,,
641,"Guerra, Junior",MLW,P,592.7,449,593,,25,,
642,"Lyles, Jordan",PIT,P,592.76,466,599,,26,,
643,"Perez, Michael",TB,C,592.78,401,600,,19,,
644,"Moronta, Reyes",SF,P,592.8,489,600,,33,,
645,"Rodney, Fernando",OAK,P,592.91,457,597,,26,,
646,"Phegley, Josh",OAK,C,593.02,466,595,,23,,
647,"Oberg, Scott",COL,P,593.14,428,593,,21,,
648,"Ramirez, Hanley",BOS,1B,593.14,341,598,,21,,
649,"Murphy, Sean",OAK,C,593.15,416,600,,31,,
650,"Herrmann, Chris",OAK,C,593.26,457,596,,19,,
651,"Wisdom, Patrick",TEX,3B,593.27,450,593,,19,,
652,"Canha, Mark",OAK,OF,593.5,441,600,,31,,
653,"Guerrero, Tayron",MIA,P,593.58,467,592,,17,,
654,"Rodriguez, Richard",PIT,P,593.73,416,575,,16,,
655,"Casali, Curt",CIN,C,593.87,448,594,,17,,
656,"Ward, Taylor",LAA,3B,593.89,459,596,,18,,
657,"Davis, J.D.",NYM,3B,593.94,405,599,,23,,
658,"McCullers, Lance",HOU,P,594.02,399,593,,10,,
659,"Pena, Felix",LAA,P,594.06,485,594,,25,,
660,"Knizner, Andrew",STL,C,594.23,483,599,,23,,
661,"Riddle, J.T.",MIA,SS,594.33,442,599,,21,,
662,"Walker, Christian",ARZ,1B,594.48,484,599,,20,,
663,"Luplow, Jordan",CLE,OF,594.8,459,597,,18,,
664,"Goodwin, Brian",KC,OF,594.91,449,594,,17,,
665,"McKenzie, Triston",CLE,P,595.27,378,600,,20,,
666,"Mesoraco, Devin",NYM,C,595.27,442,598,,18,,
667,"Cimber, Adam",CLE,P,595.39,491,599,,21,,
668,"Chatwood, Tyler",CHC,P,595.4,469,600,,19,,
669,"Garrett, Amir",CIN,P,595.43,458,598,,17,,
670,"Crick, Kyle",PIT,P,595.46,410,600,,20,,
671,"Hayes, Ke'Bryan",PIT,3B,595.52,390,596,,10,,
672,"Gomber, Austin",STL,P,595.58,360,595,,17,,
673,"Mountcastle, Ryan",BAL,3B,595.65,385,600,,19,,
674,"Zimmermann, Jordan",DET,P,595.66,484,600,,21,,
675,"Fry, Paul",BAL,P,595.8,423,574,,11,,
676,"Singer, Brady",KC,P,595.8,324,580,,8,,
677,"Richards, Garrett",SD,P,595.99,144,574,,7,,
678,"Wilson, Bryse",ATL,P,596.23,355,595,,11,,
679,"Hernandez, David",CIN,P,596.26,488,600,,14,,
680,"Scott, Tanner",BAL,P,596.4,423,596,,15,,
681,"Bedrosian, Cam",LAA,P,596.43,398,593,,10,,
682,"Cameron, Daz",DET,OF,596.46,431,600,,14,,
683,"Davis, Rajai",CLE,OF,596.55,385,600,,13,,
684,"Sanchez, Sixto",PHI,P,596.62,427,599,,12,,
685,"Cabrera, Melky",CLE,OF,596.63,494,600,,18,,
686,"Spangenberg, Cory",MLW,"2B, 3B",596.65,510,594,,18,,
687,"Mercado, Oscar",CLE,OF,596.7,465,597,,20,,
688,"Senzatela, Antonio",COL,P,596.7,511,587,,13,,
689,"Ruiz, Keibert",LAD,C,596.71,461,593,,13,,
690,"Gamel, Ben",MLW,OF,596.9,326,597,,11,,
691,"Span, Denard",SEA,OF,596.9,432,596,,13,,
692,"Petit, Yusmeiro",OAK,P,597.06,495,596,,12,,
693,"Montas, Frankie",OAK,P,597.09,504,594,,11,,
694,"Reed, A.J.",HOU,1B,597.11,509,589,,12,,
695,"Grossman, Robbie",OAK,OF,597.11,355,594,,9,,
696,"Kopech, Michael",CWS,P,597.12,384,566,,5,,
697,"Reynolds, Mark",COL,1B,597.14,448,598,,13,,
698,"Biggio, Cavan",TOR,2B,597.17,500,597,,15,,
699,"Gallagher, Cam",KC,C,597.36,408,598,,12,,
700,"Alvarez, Yordan",HOU,OF,597.37,469,598,,11,,
701,"Baez, Pedro",LAD,P,597.59,474,600,,10,,
702,"Prado, Martin",MIA,3B,597.6,490,587,,8,,
703,"Anderson, Justin",LAA,P,597.62,467,599,,10,,
704,"Stratton, Chris",SF,P,597.69,491,598,,14,,
705,"Leon, Sandy",BOS,C,597.75,486,591,,10,,
706,"Bleier, Richard",BAL,P,597.83,428,598,,7,,
707,"Villanueva, Christian",SD,3B,597.83,450,596,,9,,
708,"Mitchell, Bryan",SD,P,597.84,321,369,,2,,
709,"Straw, Myles",HOU,OF,597.85,506,599,,14,,
710,"Maybin, Cameron",SEA,OF,597.86,464,600,,10,,
711,"Lorenzen, Michael",CIN,P,597.89,481,596,,10,,
712,"Adrianza, Ehire",MIN,"SS, 3B",597.95,463,599,,9,,
713,"Morrison, Logan",MIN,1B,597.95,400,555,,4,,
714,"Kennedy, Ian",KC,P,598.04,445,585,,9,,
715,"Escobar, Alcides",KC,"SS, 3B",598.12,447,600,,8,,
716,"Thaiss, Matt",LAA,1B,598.2,351,556,,4,,
717,"Jackson, Edwin",OAK,P,598.22,485,596,,11,,
718,"Norris, Daniel",DET,P,598.31,508,599,,15,,
719,"Beeks, Jalen",TB,P,598.38,500,598,,11,,
720,"Kelley, Shawn",TEX,P,598.4,332,600,,8,,
721,"Maile, Luke",TOR,C,598.4,482,594,,12,,
722,"Volquez, Edinson",TEX,P,598.43,440,600,,9,,
723,"Altavilla, Dan",SEA,P,598.46,478,573,,5,,
724,"Arroyo, Christian",TB,2B,598.52,477,589,,6,,
725,"Poche, Colin",TB,P,598.58,436,575,,6,,
726,"Reyes, Pablo",PIT,OF,598.6,294,588,,3,,
727,"Dubon, Mauricio",MLW,SS,598.61,304,599,,5,,
728,"Collins, Zack",CWS,C,598.61,502,600,,9,,
729,"Shields, James",CWS,P,598.67,498,585,,6,,
730,"Dyson, Sam",SF,P,598.76,443,593,,7,,
731,"Avila, Alex",ARZ,C,598.77,511,598,,8,,
732,"Anderson, Ian",ATL,P,598.79,348,597,,6,,
733,"Robles, Hansel",LAA,P,598.8,371,572,,4,,
734,"Gore, Terrance",KC,OF,598.92,321,574,,3,,
735,"Smith, Dominic",NYM,1B,598.93,492,581,,7,,
736,"Clippard, Tyler",TOR,P,598.96,496,585,,5,,
737,"Kramer, Kevin",PIT,2B,598.99,401,475,,2,,
738,"Widener, Taylor",ARZ,P,599.09,475,597,,9,,
739,"Anderson, Brett",OAK,P,599.12,476,590,,5,,
740,"Alcantara, Victor",DET,P,599.15,464,581,,6,,
741,"Montgomery, Jordan",NYY,P,599.15,488,600,,10,,
742,"Fernandez, Jose",LAA,1B,599.15,465,524,,3,,
743,"Delmonico, Nicky",CWS,OF,599.16,474,598,,6,,
744,"McGuire, Reese",TOR,C,599.17,544,592,,9,,
745,"Reed, Cody",CIN,P,599.2,450,600,,7,,
746,"Nicasio, Juan",PHI,P,599.21,380,588,,3,,
747,"Lewis, Royce",MIN,SS,599.23,504,591,,7,,
748,"Hill, Tim",KC,P,599.25,481,553,,3,,
749,"Allard, Kolby",ATL,P,599.26,529,600,,8,,
750,"Chang, Yu",CLE,SS,599.27,448,583,,4,,
751,"Tauchman, Mike",COL,OF,599.28,504,597,,6,,
752,"Paulino, David",TOR,P,599.33,523,591,,5,,
753,"Lagares, Juan",NYM,OF,599.36,526,584,,6,,
754,"Cron, Kevin",ARZ,3B,599.39,506,598,,7,,
755,"Gonsalves, Stephen",MIN,P,599.42,506,598,,6,,
756,"Santana, Dennis",LAD,P,599.44,482,572,,4,,
757,"Slater, Austin",SF,"OF, 1B",599.52,507,569,,4,,
758,"Kieboom, Spencer",WAS,C,599.52,441,521,,2,,
759,"Vogt, Stephen",MLW,C,599.53,488,594,,5,,
760,"Shaw, Chris",SF,OF,599.53,427,593,,3,,
761,"Bonifacio, Jorge",KC,OF,599.56,504,575,,4,,
762,"Mejia, Adalberto",MIN,P,599.57,518,591,,6,,
763,"Munoz, Andres",SD,P,599.6,403,573,,2,,
764,"Gore, Mackenzie",SD,P,599.62,445,577,,3,,
765,"Fedde, Erick",WAS,P,599.62,502,600,,8,,
766,"May, Dustin",LAD,P,599.65,450,572,,3,,
767,"Bukauskas, J.B.",HOU,P,599.67,385,385,,1,,
768,"Marisnick, Jake",HOU,OF,599.67,446,540,,2,,
769,"Madrigal, Nick",CWS,2B,599.67,481,562,,3,,
770,"Phelps, David",TOR,P,599.7,390,390,,1,,
771,"Lopez, Yoan",ARZ,P,599.7,544,598,,6,,
772,"Knapp, Andrew",PHI,C,599.72,484,597,,5,,
773,"Trammell, Taylor",CIN,OF,599.72,522,593,,6,,
774,"Mahtook, Mikie",DET,OF,599.73,516,587,,5,,
775,"Cueto, Johnny",SF,P,599.73,395,395,,1,,
776,"Holder, Jonathan",NYY,P,599.75,522,593,,5,,
777,"Gordon, Nick",MIN,SS,599.75,499,600,,6,,
778,"Dunning, Dane",CWS,P,599.81,530,549,,3,,
779,"Harris, Will",HOU,P,599.82,539,579,,5,,
780,"Glover, Koda",WAS,P,599.83,464,578,,3,,
781,"Hardy, Blaine",DET,P,599.85,488,582,,3,,
782,"Neshek, Pat",PHI,P,599.86,539,600,,7,,
783,"Canning, Griffin",LAA,P,599.86,557,587,,6,,
784,"Franco, Wander",TB,SS,599.89,519,600,,5,,
785,"Ramirez, Noe",LAA,P,599.92,426,426,,1,,
786,"Mateo, Jorge",OAK,SS,599.94,474,582,,3,,
787,"Banuelos, Manny",CWS,P,599.98,475,600,,5,,
788,"Hernandez, Gorkys",SF,OF,599.99,437,437,,1,,
789,"De Leon, Jose",TB,P,600.03,533,599,,7,,
790,"Castillo, Rusney",BOS,OF,600.03,444,444,,1,,
791,"McKay, Brendan",TB,P,600.03,526,568,,3,,
792,"Ray, Corey",MLW,OF,600.04,457,589,,2,,
793,"Armenteros, Rogelio",HOU,P,600.05,529,593,,4,,
794,"Lockett, Walker",NYM,P,600.06,448,448,,1,,
795,"Neidert, Nick",MIA,P,600.07,547,588,,4,,
796,"Staumont, Josh",KC,P,600.07,510,541,,2,,
797,"France, Ty",SD,3B,600.08,468,585,,2,,
798,"Stock, Robert",SD,P,600.09,506,596,,3,,
799,"Lopez, Nicky",KC,SS,600.12,503,587,,3,,
800,"Susac, Andrew",BAL,C,600.13,460,460,,1,,
801,"Toles, Andrew",LAD,OF,600.14,502,589,,3,,
802,"Mauer, Joe",MIN,1B,600.15,463,463,,1,,
803,"Leone, Dominic",STL,P,600.16,504,562,,2,,
804,"Duda, Lucas",ATL,1B,600.19,487,598,,3,,
805,"Robert, Luis",CWS,OF,600.2,548,595,,4,,
806,"Mathis, Jeff",TEX,C,600.21,487,597,,3,,
807,"Wallach, Chad",MIA,C,600.21,501,594,,3,,
808,"Tropeano, Nick",LAA,P,600.24,499,598,,4,,
809,"Wingenter, Trey",SD,P,600.28,485,485,,1,,
810,"Rengifo, Luis",LAA,SS,600.28,570,596,,6,,
811,"Mendez, Yohander",TEX,P,600.28,505,581,,2,,
812,"Pence, Hunter",SF,OF,600.29,565,579,,4,,
813,"Hernandez, Darwinzon",BOS,P,600.29,486,486,,1,,
814,"Richard, Clayton",TOR,P,600.3,547,599,,5,,
815,"Ortiz, Luis",BAL,P,600.32,491,491,,1,,
816,"Long, Shed",SEA,2B,600.33,530,590,,3,,
817,"Varsho, Daulton",ARZ,C,600.34,494,494,,1,,
818,"McGee, Jake",COL,P,600.34,566,586,,4,,
819,"Brujan, Vidal",TB,2B,600.34,494,494,,1,,
820,"Viloria, Meibrys",KC,C,600.36,500,598,,2,,
822,"Saladino, Tyler",MLW,SS,600.39,541,562,,2,,
823,"Pazos, James",PHI,P,600.4,504,504,,1,,
824,"Smith, Carson",BOS,P,600.41,505,505,,1,,
825,"Smith Jr., Dwight",TOR,OF,600.41,505,505,,1,,
826,"Gomez, Carlos",TB,OF,600.43,548,597,,4,,
827,"Hechavarria, Adeiny",NYY,SS,600.44,510,510,,1,,
828,"Mejia, Jenrry",NYM,P,600.45,515,598,,2,,
829,"Dunn, Justin",NYM,P,600.47,515,515,,1,,
830,"Helsley, Ryan",STL,P,600.48,517,517,,1,,
831,"Cole, A.J.",CLE,P,600.48,517,517,,1,,
832,"Stephenson, Robert",CIN,P,600.48,524,593,,2,,
833,"Harvey, Hunter",BAL,P,600.49,547,596,,3,,
834,"McCarthy, Kevin",KC,P,600.51,540,582,,2,,
835,"O'Day, Darren",ATL,P,600.52,545,579,,2,,
836,"Reyes, Victor",DET,OF,600.52,567,582,,3,,
837,"Lopez, Jorge",KC,P,600.52,544,599,,3,,
838,"Cole, Taylor",LAA,P,600.52,545,579,,2,,
839,"Kuhl, Chad",PIT,P,600.54,527,527,,1,,
840,"Brebbia, John",STL,P,600.54,536,597,,3,,
841,"India, Jonathan",CIN,3B,600.55,528,528,,1,,
842,"Wolters, Tony",COL,C,600.56,555,598,,4,,
843,"Erceg, Lucas",MLW,3B,600.56,529,529,,1,,
844,"Pompey, Dalton",TOR,OF,600.58,563,571,,2,,
845,"Plutko, Adam",CLE,P,600.59,553,582,,2,,
846,"Tucker, Preston",ATL,OF,600.6,537,537,,1,,
847,"Ziegler, Brad",ARZ,P,600.61,543,596,,2,,
848,"Rondon, Bruce",CWS,P,600.61,538,538,,1,,
849,"Cotton, Jharel",OAK,P,600.63,567,575,,2,,
850,"Martin, Chris",TEX,P,600.64,549,594,,2,,
851,"Middleton, Keynan",LAA,P,600.64,542,542,,1,,
852,"Kratz, Erik",MLW,C,600.64,578,595,,4,,
853,"Diaz, Isan",MIA,2B,600.64,542,542,,1,,
854,"Blach, Ty",SF,P,600.65,544,544,,1,,
855,"Moore, Matt",DET,P,600.65,556,589,,2,,
856,"Pruitt, Austin",TB,P,600.65,544,544,,1,,
857,"Martin, Corbin",HOU,P,600.66,566,581,,2,,
858,"King, Michael",NYY,P,600.66,546,546,,1,,
859,"Jackson, Drew",BAL,SS,600.67,547,547,,1,,
860,"Altherr, Aaron",PHI,OF,600.67,547,547,,1,,
861,"Lovelady, Richard",KC,P,600.67,547,547,,1,,
862,"Font, Wilmer",TB,P,600.67,548,548,,1,,
863,"Murphy, J.R.",ARZ,C,600.68,565,585,,2,,
864,"Nicholas, Brett",COL,C,600.68,549,549,,1,,
865,"Greene, Hunter",CIN,P,600.69,551,551,,1,,
866,"Revere, Ben",CIN,OF,600.7,552,552,,1,,
867,"Turnbull, Spencer",DET,P,600.72,572,584,,2,,
868,"Andriese, Matt",ARZ,P,600.73,558,558,,1,,
869,"Sierra, Magneuris",MIA,OF,600.73,558,558,,1,,
870,"Cessa, Luis",NYY,P,600.73,558,558,,1,,
871,"Alvarez, Jose",PHI,P,600.73,557,557,,1,,
872,"Irvin, Cole",PHI,P,600.73,576,583,,2,,
873,"Winkler, Dan",ATL,P,600.75,569,593,,2,,
874,"Haase, Eric",CLE,C,600.75,560,560,,1,,
875,"Johnson, Brian",BOS,P,600.75,561,561,,1,,
876,"Taveras, Leody",TEX,OF,600.76,575,588,,2,,
877,"Hembree, Heath",BOS,P,600.76,562,562,,1,,
878,"Liriano, Francisco",DET,P,600.76,562,562,,1,,
879,"Wright, Steven",BOS,P,600.77,579,585,,2,,
880,"Bautista, Jose",PHI,"OF, 3B",600.77,563,563,,1,,
881,"Joseph, Caleb",ARZ,C,600.78,577,590,,2,,
882,"Cooper, Garrett",MIA,OF,600.8,577,592,,2,,
883,"Pagan, Emilio",TB,P,600.81,573,598,,2,,
884,"Gimenez, Andres",NYM,SS,600.81,571,571,,1,,
885,"Gaviglio, Sam",TOR,P,600.82,572,572,,1,,
886,"Urena, Richard",TOR,SS,600.82,572,572,,1,,
887,"Nottingham, Jacob",MLW,C,600.82,582,591,,2,,
888,"Warren, Adam",SD,P,600.83,573,573,,1,,
889,"Buchter, Ryan",OAK,P,600.83,574,574,,1,,
890,"Meyer, Alex",LAA,P,600.85,576,576,,1,,
891,"Santillan, Tony",CIN,P,600.85,576,576,,1,,
892,"Feliz, Neftali",ARZ,P,600.85,577,577,,1,,
893,"Covey, Dylan",CWS,P,600.86,578,578,,1,,
894,"Thorpe, Lewis",MIN,P,600.86,578,578,,1,,
895,"Allen, Austin",SD,C,600.86,579,579,,1,,
896,"Baez, Michael",SD,P,600.86,579,579,,1,,
897,"Morejon, Adrian",SD,P,600.86,578,578,,1,,
898,"Arano, Victor",PHI,P,600.87,581,600,,2,,
899,"Bart, Joey",SF,C,600.87,580,580,,1,,
900,"Tucker, Cole",PIT,SS,600.88,583,600,,2,,
901,"Sandoval, Pablo",SF,"3B, 1B",600.88,581,581,,1,,
902,"Fields, Josh",LAD,P,600.88,591,591,,2,,
903,"Torreyes, Ronald",MIN,2B,600.9,584,584,,1,,
904,"Miller, Justin",WAS,P,600.9,596,598,,4,,
905,"Hamilton, Ian",CWS,P,600.91,586,586,,1,,
906,"Forsythe, Logan",MIN,2B,600.91,586,586,,1,,
907,"De Los Santos, Enyel",PHI,P,600.92,588,588,,1,,
908,"Velazquez, Hector",BOS,P,600.92,588,588,,1,,
909,"Castro, Miguel",BAL,P,600.92,589,600,,2,,
910,"Feltman, Durbin",BOS,P,600.94,595,597,,2,,
911,"Triggs, Andrew",OAK,P,600.94,591,591,,1,,
912,"Alexander, Scott",LAD,P,600.95,593,593,,1,,
913,"Rickard, Joey",BAL,OF,600.95,593,593,,1,,
914,"Bassitt, Chris",OAK,P,600.96,595,595,,1,,
915,"Venters, Jonny",ATL,P,600.96,595,595,,1,,
916,"Tomlin, Josh",CLE,P,600.96,595,595,,1,,
917,"Suter, Brent",MLW,P,600.97,596,596,,1,,
918,"De-La-Rosa, Rubby",ARZ,P,600.97,596,596,,1,,
919,"Haseley, Adam",PHI,OF,600.98,597,597,,1,,
920,"Joyce, Matt",OAK,OF,600.98,598,598,,1,,
921,"Trevino, Jose",TEX,C,600.98,598,598,,1,,
922,"Wilson, Alex",DET,P,600.98,597,597,,1,,
923,"Granite, Zack",TEX,OF,600.98,597,597,,1,,
924,"Bradley, Bobby",CLE,1B,600.99,600,600,,1,,
925,"Sherfy, Jimmie",ARZ,P,600.99,600,600,,1,,
926,"Ellsbury, Jacoby",NYY,OF,600.99,599,599,,1,,
927,"Ramirez, Neil",CLE,P,600.99,599,599,,1,,
928,"Blandino, Alex",CIN,2B,600.99,599,599,,1,,
929,"Liriano, Rymer",LAA,OF,600.99,599,599,,1,,
