Rank,Player,Team,Position(s),ADP,Min Pick,Max Pick,Difference,# Picks,Team,Team Pick
1,"Trout, Mike",LAA,OF,1.22,1,4,,135,,
2,"Betts, Mookie",BOS,OF,1.84,1,3,,135,,
3,"Ramirez, Jose",CLE,3B,4,2,8,,135,,
4,"Lindor, Francisco",CLE,SS,4.64,3,10,,135,,
5,"Martinez, J.D.",BOS,OF,6.32,3,12,,135,,
6,"Scherzer, Max",WAS,P,6.53,3,12,,135,,
7,"Yelich, Christian",MLW,OF,7.28,1,14,,135,,
8,"Acuna, Ronald",ATL,OF,8.09,3,18,,135,,
9,"Arenado, Nolan",COL,3B,8.81,4,15,,135,,
10,"Turner, Trea",WAS,SS,10.26,3,25,,135,,
11,"Bregman, Alex",HOU,"3B, SS",11.9,5,20,,135,,
12,"deGrom, Jacob",NYM,P,12.27,8,21,,135,,
13,"Baez, Javier",CHC,"2B, SS, 3B",14.04,6,24,,135,,
14,"Machado, Manny",LAD,SS,15.01,5,25,,135,,
15,"Altuve, Jose",HOU,2B,16.32,8,27,,135,,
16,"Sale, Chris",BOS,P,16.9,9,30,,135,,
17,"Harper, Bryce",WAS,OF,17.42,7,28,,135,,
18,"Judge, Aaron",NYY,OF,18.2,4,29,,135,,
19,"Story, Trevor",COL,SS,19.1,11,33,,135,,
20,"Goldschmidt, Paul",STL,1B,20.1,12,30,,135,,
21,"Freeman, Freddie",ATL,1B,21.06,12,30,,135,,
22,"Stanton, Giancarlo",NYY,OF,22.9,14,35,,135,,
23,"Nola, Aaron",PHI,P,23.22,12,32,,135,,
24,"Kluber, Corey",CLE,P,23.39,14,40,,135,,
25,"Verlander, Justin",HOU,P,23.47,14,39,,135,,
26,"Blackmon, Charlie",COL,OF,26.03,14,34,,135,,
27,"Cole, Gerrit",HOU,P,28.15,16,40,,135,,
28,"Snell, Blake",TB,P,28.43,3,40,,135,,
29,"Benintendi, Andrew",BOS,OF,29.72,15,44,,135,,
30,"Merrifield, Whit",KC,"2B, OF",30.73,15,47,,135,,
31,"Soto, Juan",WAS,OF,31.05,16,46,,135,,
32,"Bauer, Trevor",CLE,P,34.59,16,48,,135,,
33,"Bryant, Kris",CHC,"3B, OF",35.09,16,48,,135,,
34,"Kershaw, Clayton",LAD,P,36.37,15,52,,135,,
35,"Rizzo, Anthony",CHC,1B,36.47,12,64,,135,,
36,"Severino, Luis",NYY,P,37.01,24,54,,135,,
37,"Carrasco, Carlos",CLE,P,37.72,27,52,,135,,
38,"Marte, Starling",PIT,OF,38.12,25,54,,135,,
39,"Buehler, Walker",LAD,P,38.36,21,55,,135,,
40,"Guerrero, Jr., Vladimir",TOR,3B,40.33,17,67,,135,,
41,"Hoskins, Rhys",PHI,OF,40.71,30,58,,135,,
42,"Syndergaard, Noah",NYM,P,41.5,24,65,,135,,
43,"Mondesi, Adalberto",KC,SS,43.64,20,80,,135,,
44,"Davis, Khris",OAK,UT,43.91,25,60,,135,,
45,"Rendon, Anthony",WAS,3B,44.8,27,70,,135,,
46,"Bellinger, Cody",LAD,"1B, OF",45.82,30,65,,135,,
47,"Diaz, Edwin",NYM,P,47.94,30,64,,135,,
48,"Bogaerts, Xander",BOS,SS,49.06,31,69,,135,,
49,"Correa, Carlos",HOU,SS,49.41,22,75,,135,,
50,"Corbin, Patrick",WAS,P,50.11,28,74,,135,,
51,"Suarez, Eugenio",CIN,3B,52.84,37,78,,135,,
52,"Albies, Ozzie",ATL,2B,53.56,31,85,,135,,
53,"Paxton, James",NYY,P,56.1,38,77,,135,,
54,"Realmuto, J.T.",MIA,C,56.87,33,80,,135,,
55,"Torres, Gleyber",NYY,"2B, SS",57.51,25,90,,135,,
56,"Sanchez, Gary",NYY,C,58.01,32,86,,135,,
57,"Springer, George",HOU,OF,59.36,37,87,,135,,
58,"Strasburg, Stephen",WAS,P,60.52,43,99,,135,,
59,"Taillon, Jameson",PIT,P,62.69,45,96,,135,,
60,"Pham, Tommy",TB,OF,62.99,46,90,,135,,
61,"Treinen, Blake",OAK,P,63.33,42,86,,135,,
62,"Flaherty, Jack",STL,P,64.59,38,101,,135,,
63,"Greinke, Zack",ARZ,P,64.97,43,94,,135,,
64,"Clevinger, Mike",CLE,P,65.5,41,90,,135,,
65,"Cain, Lorenzo",MLW,OF,66.75,46,112,,135,,
66,"Andujar, Miguel",NYY,3B,68.88,46,115,,135,,
67,"Kimbrel, Craig",BOS,P,69.65,41,102,,135,,
68,"Segura, Jean",PHI,SS,70.07,50,105,,135,,
69,"Dahl, David",COL,OF,70.26,46,119,,135,,
70,"Carpenter, Matt",STL,"1B, 3B",70.93,50,112,,135,,
71,"Bumgarner, Madison",SF,P,73.56,41,117,,135,,
72,"Ozuna, Marcell",STL,OF,73.69,46,107,,135,,
73,"Votto, Joey",CIN,1B,75.07,46,108,,135,,
74,"Jansen, Kenley",LAD,P,76.81,56,122,,135,,
75,"Aguilar, Jesus",MLW,1B,79.56,46,128,,135,,
76,"Berrios, Jose",MIN,P,79.91,46,105,,135,,
77,"Foltynewicz, Mike",ATL,P,81.24,59,114,,135,,
78,"Chapman, Aroldis",NYY,P,81.53,49,143,,135,,
79,"Marquez, German",COL,P,82.3,49,127,,135,,
80,"Rosario, Eddie",MIN,OF,85.09,60,115,,135,,
81,"Haniger, Mitch",SEA,OF,85.93,58,113,,135,,
82,"Seager, Corey",LAD,SS,86.33,57,131,,135,,
83,"Abreu, Jose",CWS,1B,87.06,61,123,,135,,
84,"Castellanos, Nicholas",DET,OF,88.44,50,127,,135,,
85,"Hand, Brad",CLE,P,89.77,56,123,,135,,
86,"Villar, Jonathan",BAL,2B,90.21,47,152,,135,,
87,"Osuna, Roberto",HOU,P,90.36,64,134,,135,,
88,"Vazquez, Felipe",PIT,P,91.12,66,149,,135,,
89,"Mikolas, Miles",STL,P,91.64,44,133,,135,,
90,"Gennett, Scooter",CIN,2B,92.28,50,137,,135,,
91,"Wheeler, Zack",NYM,P,94.99,67,126,,135,,
92,"Price, David",BOS,P,95.63,63,130,,135,,
93,"Upton, Justin",LAA,OF,96.25,68,133,,135,,
94,"Peraza, Jose",CIN,SS,97.41,66,130,,135,,
95,"Shaw, Travis",MLW,"3B, 2B",99.36,61,137,,135,,
96,"Smith, Mallex",SEA,OF,99.49,44,140,,135,,
97,"Murphy, Daniel",COL,2B,101.7,36,231,,135,,
98,"Robles, Victor",WAS,OF,101.76,56,148,,135,,
99,"Donaldson, Josh",ATL,3B,102.2,62,165,,135,,
100,"Puig, Yasiel",CIN,OF,102.44,52,161,,135,,
101,"Iglesias, Raisel",CIN,P,104.44,69,154,,135,,
102,"Hader, Josh",MLW,P,105.39,60,184,,135,,
103,"Conforto, Michael",NYM,OF,107.11,63,144,,135,,
104,"Gallo, Joey",TEX,"OF, 1B",107.37,53,160,,135,,
105,"Turner, Justin",LAD,3B,107.45,74,148,,135,,
106,"Cruz, Nelson",MIN,UT,107.55,50,185,,135,,
107,"Muncy, Max",LAD,"1B, 3B",108.56,57,175,,135,,
108,"Doolittle, Sean",WAS,P,109.18,81,167,,135,,
109,"Chapman, Matt",OAK,3B,109.52,75,142,,135,,
110,"Olson, Matt",OAK,1B,109.61,80,149,,135,,
111,"Jimenez, Eloy",CWS,OF,110.53,54,184,,135,,
112,"Perez, Salvador",KC,C,110.93,68,150,,135,,
113,"Gordon, Dee",SEA,"2B, OF",112.8,67,159,,135,,
114,"Castillo, Luis",CIN,P,113.2,82,144,,135,,
115,"Myers, Wil",SD,"OF, 3B",113.87,79,143,,135,,
116,"Pollock, A.J.",LAD,OF,116.3,77,148,,135,,
117,"Ray, Robbie",ARZ,P,117.72,80,154,,135,,
118,"Profar, Jurickson",OAK,"SS, 3B, 1B",117.94,83,165,,135,,
119,"Brantley, Michael",HOU,OF,117.99,79,152,,135,,
120,"Morton, Charlie",TB,P,118.81,79,158,,135,,
121,"Leclerc, Jose",TEX,P,119.21,84,199,,135,,
122,"Hicks, Aaron",NYY,OF,119.51,78,151,,135,,
123,"Davis, Wade",COL,P,120.33,88,179,,135,,
124,"Hendricks, Kyle",CHC,P,121.55,72,158,,135,,
125,"Encarnacion, Edwin",SEA,1B,122.15,79,161,,135,,
126,"Ohtani, Shohei",LAA,UT,123.07,60,388,,135,,
127,"Yates, Kirby",SD,P,124.36,85,210,,135,,
128,"Martinez, Carlos",STL,P,124.93,82,158,,135,,
129,"Anderson, Tim",CWS,SS,125.73,78,178,,135,,
130,"Cano, Robinson",NYM,2B,126.73,66,165,,135,,
131,"Odor, Rougned",TEX,2B,128.44,82,164,,135,,
132,"Peralta, David",ARZ,OF,131.67,98,179,,135,,
133,"Archer, Chris",PIT,P,133.99,97,172,,135,,
134,"Ramos, Wilson",NYM,C,134.2,70,172,,135,,
135,"Giles, Ken",TOR,P,135.63,96,210,,135,,
136,"Tanaka, Masahiro",NYY,P,136.27,91,168,,135,,
137,"Contreras, Willson",CHC,C,138.01,92,169,,135,,
138,"Happ, J.A.",NYY,P,138.79,100,187,,135,,
139,"Inciarte, Ender",ATL,OF,139.64,105,181,,135,,
140,"Dozier, Brian",WAS,2B,140.83,88,192,,135,,
141,"Molina, Yadier",STL,C,141.28,72,182,,135,,
142,"Rosario, Amed",NYM,SS,141.68,91,188,,135,,
143,"Desmond, Ian",COL,"1B, OF",142.55,105,190,,135,,
144,"Posey, Buster",SF,C,143.27,89,183,,135,,
145,"Grandal, Yasmani",MLW,C,143.82,90,182,,135,,
146,"Freeland, Kyle",COL,P,144.13,55,214,,135,,
147,"McCutchen, Andrew",PHI,OF,146.81,106,209,,135,,
148,"Piscotty, Stephen",OAK,OF,147.64,113,185,,135,,
149,"Hamels, Cole",CHC,P,147.7,106,204,,135,,
150,"Knebel, Corey",MLW,P,149.79,87,255,,135,,
151,"Devers, Rafael",BOS,3B,150.47,96,204,,135,,
152,"Moustakas, Mike",MLW,3B,150.91,113,185,,135,,
153,"Pivetta, Nick",PHI,P,155.84,122,189,,135,,
154,"Mazara, Nomar",TEX,OF,156.06,109,206,,135,,
155,"Rodriguez, Eduardo",BOS,P,157,112,218,,135,,
156,"Bieber, Shane",CLE,P,157.59,112,217,,135,,
157,"Darvish, Yu",CHC,P,157.99,120,191,,135,,
158,"Moncada, Yoan",CWS,2B,158.05,110,212,,135,,
159,"Porcello, Rick",BOS,P,159.87,109,210,,135,,
160,"Cabrera, Miguel",DET,1B,165.08,113,249,,135,,
161,"Eovaldi, Nathan",BOS,P,166.45,108,214,,135,,
162,"Nimmo, Brandon",NYM,OF,168.16,97,203,,135,,
163,"Hamilton, Billy",KC,OF,169.42,100,299,,135,,
164,"Glasnow, Tyler",TB,P,170.01,120,225,,135,,
165,"Heaney, Andrew",LAA,P,170.19,130,214,,135,,
166,"Bader, Harrison",STL,OF,170.47,111,256,,135,,
167,"Hosmer, Eric",SD,1B,170.76,135,220,,135,,
168,"Escobar, Eduardo",ARZ,"3B, SS",171.96,128,242,,135,,
169,"Hill, Rich",LAD,P,174.44,119,237,,135,,
170,"Alvarado, Jose",TB,P,174.71,111,287,,135,,
171,"Andrus, Elvis",TEX,SS,175.08,92,263,,135,,
172,"Renfroe, Hunter",SD,OF,178.33,134,242,,135,,
173,"Keuchel, Dallas",HOU,P,178.36,142,219,,135,,
174,"Hernandez, Cesar",PHI,2B,178.7,133,227,,135,,
175,"Kikuchi, Yusei",SEA,P,179.07,96,300,,135,,
176,"Lester, Jon",CHC,P,182.33,61,231,,135,,
177,"Ryu, Hyun-Jin",LAD,P,182.96,142,239,,135,,
178,"Meadows, Austin",TB,OF,183.39,143,240,,135,,
179,"Schoop, Jonathan",MIN,2B,184.06,136,268,,135,,
180,"Buxton, Byron",MIN,OF,185.34,127,270,,135,,
181,"Quintana, Jose",CHC,P,186.98,151,227,,135,,
182,"Gurriel, Yuli",HOU,"1B, 3B",187.7,125,322,,135,,
183,"DeJong, Paul",STL,SS,189.44,140,263,,135,,
184,"Voit, Luke",NYY,1B,190.62,90,294,,135,,
185,"Reyes, Alex",STL,P,193.27,71,287,,135,,
186,"Laureano, Ramon",OAK,OF,193.44,126,288,,135,,
187,"Martinez, Jose",STL,"1B, OF",195.47,131,299,,135,,
188,"Gray, Jon",COL,P,200.16,155,257,,135,,
189,"Hampson, Garrett",COL,SS,200.55,123,302,,135,,
190,"Gausman, Kevin",ATL,P,200.65,145,244,,135,,
191,"Schwarber, Kyle",CHC,OF,201,141,264,,135,,
192,"Dominguez, Seranthony",PHI,P,203.01,118,365,,135,,
193,"Winker, Jesse",CIN,OF,203.1,147,277,,135,,
194,"Newcomb, Sean",ATL,P,205.27,124,297,,135,,
195,"James, Josh",HOU,P,205.55,146,288,,135,,
196,"Dickerson, Corey",PIT,OF,205.79,153,261,,135,,
197,"Lucchesi, Joey",SD,P,206.04,161,292,,135,,
198,"Wendle, Joey",TB,"2B, 3B",206.38,155,283,,135,,
199,"Santana, Carlos",CLE,1B,206.69,142,309,,135,,
200,"Smith, Will",SF,P,208.26,138,353,,135,,
201,"Semien, Marcus",OAK,SS,208.39,164,296,,135,,
202,"Eaton, Adam",WAS,OF,209.21,161,261,,135,,
203,"Reyes, Franmil",SD,OF,209.73,126,303,,135,,
204,"Vizcaino, Arodys",ATL,P,210.16,141,348,,135,,
205,"Adames, Willy",TB,SS,210.73,151,320,,135,,
206,"Polanco, Jorge",MIN,SS,212.46,131,321,,135,,
207,"Taylor, Chris",LAD,"SS, OF",212.68,129,307,,135,,
208,"Braun, Ryan",MLW,OF,215.34,152,267,,135,,
209,"Arrieta, Jake",PHI,P,216.52,162,285,,135,,
210,"Simmons, Andrelton",LAA,SS,217.81,161,330,,135,,
211,"Bradley, Archie",ARZ,P,218.66,136,356,,135,,
212,"Allen, Cody",LAA,P,221.07,84,399,,135,,
213,"Mancini, Trey",BAL,"OF, 1B",221.71,132,291,,135,,
214,"Gurriel Jr., Lourdes",TOR,"SS, 2B",222.93,178,347,,135,,
215,"Stripling, Ross",LAD,P,223.59,164,294,,135,,
216,"Sano, Miguel",MIN,3B,225.62,165,309,,135,,
217,"Hicks, Jordan",STL,P,226.24,148,400,,135,,
218,"Wood, Alex",CIN,P,226.3,104,318,,135,,
219,"Marte, Ketel",ARZ,"2B, SS",226.84,166,296,,135,,
220,"Gonzalez, Marwin",HOU,"1B, 2B, SS, OF",228.42,163,315,,135,,
221,"Whitley, Forrest",HOU,P,229.39,117,315,,135,,
222,"Gomes, Yan",WAS,C,229.68,163,306,,135,,
223,"Bradley Jr., Jackie",BOS,OF,229.99,167,325,,135,,
224,"Jansen, Danny",TOR,C,230.12,95,327,,135,,
225,"Herrera, Odubel",PHI,OF,230.82,136,333,,135,,
226,"Maeda, Kenta",LAD,P,232.23,102,344,,135,,
227,"LeMahieu, DJ",NYY,2B,232.65,133,325,,135,,
228,"Polanco, Gregory",PIT,OF,237.7,124,359,,135,,
229,"Robertson, David",PHI,P,237.81,124,411,,134,,
230,"Astudillo, Willians",MIN,C,238.51,115,350,,135,,
231,"Smoak, Justin",TOR,1B,238.99,170,305,,135,,
232,"Musgrove, Joe",PIT,P,239.92,172,358,,135,,
233,"Senzel, Nick",CIN,2B,240.16,148,331,,135,,
234,"Skaggs, Tyler",LAA,P,240.93,129,375,,135,,
235,"Zunino, Mike",TB,C,241.98,170,329,,135,,
236,"Seager, Kyle",SEA,3B,242.5,174,343,,135,,
237,"Alfaro, Jorge",PHI,C,243.82,191,339,,135,,
238,"Chacin, Jhoulys",MLW,P,245.21,154,329,,135,,
239,"Mejia, Francisco",SD,C,246.63,157,325,,135,,
240,"Godley, Zack",ARZ,P,247.24,160,314,,135,,
241,"Givens, Mychal",BAL,P,248.47,164,419,,135,,
242,"Tucker, Kyle",HOU,OF,249.93,173,341,,135,,
243,"Lopez, Reynaldo",CWS,P,250.23,157,321,,135,,
244,"Bauers, Jake",CLE,"1B, OF",250.34,175,330,,135,,
245,"Castillo, Welington",CWS,C,250.64,116,318,,135,,
246,"Grichuk, Randal",TOR,OF,251.91,181,356,,135,,
247,"White, Tyler",HOU,1B,253.27,177,348,,135,,
248,"Alonso, Peter",NYM,1B,255.06,169,361,,135,,
249,"Luzardo, Jesus",OAK,P,255.26,186,371,,135,,
250,"Kepler, Max",MIN,OF,256.06,187,331,,135,,
251,"Colome, Alex",CWS,P,256.17,111,540,,135,,
252,"Bell, Josh",PIT,1B,256.54,198,335,,135,,
253,"Morrow, Brandon",CHC,P,257.39,107,417,,133,,
254,"Nelson, Jimmy",MLW,P,258.22,188,333,,135,,
255,"Margot, Manuel",SD,OF,258.84,134,389,,135,,
256,"Williams, Trevor",PIT,P,259.28,172,351,,135,,
257,"Matz, Steven",NYM,P,260.1,195,324,,135,,
258,"Happ, Ian",CHC,"OF, 3B",261.66,185,335,,134,,
259,"Cron, C.J.",MIN,1B,262.05,169,513,,135,,
260,"Minter, A.J.",ATL,P,264.25,143,396,,134,,
261,"Lowrie, Jed",NYM,2B,266.23,187,371,,135,,
262,"McHugh, Collin",HOU,P,267.1,145,456,,135,,
263,"Miller, Andrew",STL,P,270.46,146,429,,134,,
264,"Chirinos, Robinson",HOU,C,270.63,175,363,,135,,
265,"Kiner-Falefa, Isiah",TEX,"3B, C, 2B",271.73,191,365,,135,,
266,"Barnhart, Tucker",CIN,C,272.08,170,345,,135,,
267,"Choo, Shin-Soo",TEX,OF,272.27,194,335,,135,,
268,"Anderson, Brian",MIA,"OF, 3B",272.59,161,353,,134,,
269,"May, Trevor",MIN,P,272.99,187,404,,133,,
270,"Steckenrider, Drew",MIA,P,274.06,167,515,,131,,
271,"Gibson, Kyle",MIN,P,274.48,156,356,,135,,
272,"Gonzales, Marco",SEA,P,277.42,213,345,,135,,
273,"Wacha, Michael",STL,P,278.9,150,339,,135,,
274,"Rodon, Carlos",CWS,P,279.05,146,385,,135,,
275,"Teheran, Julio",ATL,P,280.01,139,368,,132,,
276,"Urias, Julio",LAD,P,280.5,137,366,,134,,
277,"Cabrera, Asdrubal",TEX,"2B, SS, 3B",281.56,166,413,,134,,
278,"Lamb, Jake",ARZ,3B,282.87,195,359,,134,,
279,"Gray, Sonny",CIN,P,283.51,202,368,,135,,
280,"Bruce, Jay",SEA,"OF, 1B",283.78,204,387,,135,,
281,"Cervelli, Francisco",PIT,C,286.24,209,388,,135,,
282,"Bundy, Dylan",BAL,P,293.73,172,384,,134,,
283,"Greene, Shane",DET,P,294.76,156,504,,133,,
284,"Soroka, Mike",ATL,P,295.91,213,424,,134,,
285,"Franco, Maikel",PHI,3B,297.07,205,373,,133,,
286,"Alonso, Yonder",CWS,1B,298.73,206,364,,133,,
287,"Betances, Dellin",NYY,P,298.96,164,420,,129,,
288,"Goodrum, Niko",DET,"2B, 1B",300.44,221,369,,134,,
289,"Santana, Domingo",SEA,OF,300.49,129,519,,134,,
290,"Palka, Daniel",CWS,OF,300.81,184,426,,133,,
291,"Hedges, Austin",SD,C,302.61,158,388,,135,,
292,"Schebler, Scott",CIN,OF,302.95,178,449,,133,,
293,"Strop, Pedro",CHC,P,303.5,162,512,,133,,
294,"McNeil, Jeff",NYM,2B,303.65,143,444,,130,,
295,"Jones, Adam",BAL,OF,303.74,211,395,,132,,
296,"Ottavino, Adam",NYY,P,304.73,187,460,,131,,
297,"Sanchez, Anibal",WAS,P,304.99,174,486,,135,,
298,"Rodriguez, Dereck",SF,P,305.44,201,415,,135,,
299,"Pillar, Kevin",TOR,OF,306.06,189,402,,135,,
300,"Pederson, Joc",LAD,OF,308.8,239,382,,134,,
301,"Kiermaier, Kevin",TB,OF,310.39,201,403,,134,,
302,"Hernandez, Kike",LAD,"OF, 2B, SS",310.41,233,383,,135,,
303,"Hernandez, Teoscar",TOR,OF,310.5,171,394,,133,,
304,"Minor, Mike",TEX,P,312.3,174,402,,131,,
305,"Weaver, Luke",ARZ,P,312.56,226,446,,135,,
306,"Lucroy, Jonathan",LAA,C,315.31,218,391,,134,,
307,"Toussaint, Touki",ATL,P,317.76,198,416,,133,,
308,"Boyd, Matthew",DET,P,318.33,241,393,,134,,
309,"Kemp, Matt",CIN,OF,318.9,191,391,,132,,
310,"Castro, Starlin",MIA,2B,320.21,228,414,,133,,
311,"Fulmer, Michael",DET,P,320.66,236,417,,133,,
312,"Camargo, Johan",ATL,3B,320.67,175,427,,129,,
313,"Suzuki, Kurt",WAS,C,320.72,227,394,,132,,
314,"Fiers, Mike",OAK,P,321.58,207,408,,134,,
315,"Jeffress, Jeremy",MLW,P,322.03,182,478,,129,,
316,"Junis, Jake",KC,P,323.31,249,432,,134,,
317,"Tatis, Jr., Fernando",SD,SS,324.81,147,397,,129,,
318,"Narvaez, Omar",SEA,C,325.87,237,481,,135,,
319,"Zimmerman, Ryan",WAS,1B,328.68,238,438,,134,,
320,"Mullins, Cedric",BAL,OF,330.33,199,514,,129,,
321,"Stroman, Marcus",TOR,P,330.84,244,418,,134,,
322,"Britton, Zach",NYY,P,333.37,144,537,,120,,
323,"Hicks, John",DET,"1B, C",335.11,218,500,,130,,
324,"Peralta, Freddy",MLW,P,335.43,220,415,,130,,
325,"Souza Jr., Steven",ARZ,OF,336.41,204,431,,130,,
326,"Belt, Brandon",SF,1B,337.16,253,429,,133,,
327,"Eflin, Zach",PHI,P,340.99,254,430,,132,,
328,"Woodruff, Brandon",MLW,P,342.03,255,446,,132,,
329,"Frazier, Adam",PIT,"2B, OF",342.07,243,446,,132,,
330,"Markakis, Nick",ATL,OF,344.73,189,417,,129,,
331,"Cordero, Franchy",SD,OF,347.22,235,436,,128,,
332,"O'Hearn, Ryan",KC,1B,348.41,248,460,,132,,
333,"O'Neill, Tyler",STL,OF,349.5,248,450,,130,,
334,"Burnes, Corbin",MLW,P,349.71,252,491,,128,,
335,"Diaz, Elias",PIT,C,354.63,232,479,,131,,
336,"Garver, Mitch",MIN,C,355.51,181,450,,130,,
337,"Gardner, Brett",NYY,OF,356.93,233,416,,129,,
338,"Harvey, Matt",LAA,P,358.57,268,478,,134,,
339,"Candelario, Jeimer",DET,3B,360.63,241,423,,129,,
340,"Allen, Greg",CLE,OF,361.52,199,423,,123,,
341,"Longoria, Evan",SF,3B,362.63,262,424,,127,,
342,"Stewart, Christin",DET,OF,364.7,139,445,,129,,
343,"Calhoun, Willie",TEX,OF,366.09,271,465,,126,,
344,"Healy, Ryon",SEA,1B,370.19,271,452,,128,,
345,"Urias, Luis",SD,2B,371.13,240,434,,128,,
346,"Peralta, Wily",KC,P,371.17,214,428,,116,,
347,"Soler, Jorge",KC,OF,372.39,257,435,,126,,
348,"Gregorius, Didi",NYY,SS,373.6,125,493,,120,,
349,"Garcia, Avisail",TB,OF,375.65,185,488,,124,,
350,"Kipnis, Jason",CLE,2B,377.04,272,422,,127,,
351,"Velasquez, Vince",PHI,P,377.34,286,449,,129,,
352,"Pineda, Michael",MIN,P,378.28,204,560,,131,,
353,"Odorizzi, Jake",MIN,P,380.1,278,478,,133,,
354,"Buttrey, Ty",LAA,P,380.25,198,550,,115,,
355,"Martin, Leonys",CLE,OF,383.33,283,551,,130,,
356,"DeSclafani, Anthony",CIN,P,384.52,259,453,,127,,
357,"Urena, Jose",MIA,P,384.81,192,472,,130,,
358,"Verdugo, Alex",LAD,OF,385.03,220,485,,127,,
359,"Cahill, Trevor",LAA,P,385.67,251,567,,132,,
360,"Barnes, Austin",LAD,C,385.81,264,520,,128,,
361,"Kinsler, Ian",SD,2B,388.07,246,479,,128,,
362,"Perez, Hernan",MLW,"2B, 3B, SS, OF",388.17,271,475,,129,,
363,"Holland, Derek",SF,P,389.09,284,520,,133,,
364,"Arcia, Orlando",MLW,SS,389.35,211,416,,121,,
365,"Peacock, Brad",HOU,P,390.41,202,507,,128,,
366,"Swanson, Dansby",ATL,SS,390.99,255,459,,124,,
367,"Sanchez, Aaron",TOR,P,391.24,275,487,,127,,
368,"Yarbrough, Ryan",TB,P,391.47,220,504,,126,,
369,"Calhoun, Kole",LAA,OF,392.16,264,455,,126,,
370,"Hiura, Keston",MLW,2B,392.21,185,477,,123,,
371,"Kingery, Scott",PHI,SS,392.29,227,423,,122,,
372,"Herrera, Kelvin",CWS,P,393.12,211,600,,126,,
373,"Anderson, Chase",MLW,P,395.12,272,474,,128,,
374,"Roark, Tanner",CIN,P,400.17,264,497,,129,,
375,"Sabathia, CC",NYY,P,403.36,312,480,,131,,
376,"Barnes, Matt",BOS,P,403.46,189,623,,126,,
377,"Iannetta, Chris",COL,C,403.69,282,492,,130,,
378,"Zobrist, Ben",CHC,"OF, 2B",404.79,278,490,,126,,
379,"Nunez, Eduardo",BOS,"2B, 3B",410.37,194,431,,120,,
380,"Sheffield, Justus",SEA,P,411.68,78,506,,124,,
381,"Flowers, Tyler",ATL,C,412.16,274,451,,123,,
382,"Anderson, Tyler",COL,P,412.8,205,507,,127,,
383,"Familia, Jeurys",NYM,P,420.45,140,537,,111,,
384,"Barria, Jaime",LAA,P,420.79,305,519,,126,,
385,"DeShields, Delino",TEX,OF,423.26,285,466,,115,,
386,"Gonzalez, Gio",MLW,P,425.96,308,545,,128,,
387,"Parker, Blake",MIN,P,426.21,232,678,,123,,
388,"Smith, Caleb",MIA,P,426.3,307,691,,126,,
389,"McCann, Brian",ATL,C,427.05,313,521,,125,,
390,"Richards, Trevor",MIA,P,429.86,313,548,,122,,
391,"McMahon, Ryan",COL,1B,430.72,271,491,,116,,
392,"Thames, Eric",MLW,"OF, 1B",430.88,253,509,,125,,
393,"Lynn, Lance",TEX,P,431.24,285,512,,128,,
394,"Chirinos, Yonny",TB,P,431.63,276,562,,127,,
395,"Duffy, Danny",KC,P,432.64,301,523,,124,,
396,"Guzman, Ronald",TEX,1B,439.47,300,484,,117,,
397,"Keller, Brad",KC,P,439.97,306,535,,123,,
398,"Crawford, Brandon",SF,SS,440.41,297,494,,118,,
399,"Jimenez, Joe",DET,P,443.97,277,519,,107,,
400,"Strahm, Matt",SD,P,447.76,274,584,,116,,
401,"Bour, Justin",LAA,1B,449.27,319,616,,123,,
402,"Kelly, Carson",ARZ,C,453.33,276,685,,122,,
403,"Brinson, Lewis",MIA,OF,453.83,336,498,,114,,
404,"Hirano, Yoshihisa",ARZ,P,454.58,275,549,,112,,
405,"Pina, Manny",MLW,C,455.24,270,567,,116,,
406,"Diaz, Aledmys",HOU,"SS, 3B",456.81,305,477,,110,,
407,"Samardzija, Jeff",SF,P,458.1,256,575,,112,,
408,"Reddick, Josh",HOU,OF,460.05,290,513,,114,,
409,"Ahmed, Nick",ARZ,SS,460.1,326,531,,117,,
410,"Lugo, Seth",NYM,P,461.54,303,550,,118,,
411,"Diaz, Yandy",TB,3B,461.61,284,571,,112,,
412,"Williams, Nick",PHI,OF,463.34,295,544,,117,,
413,"Munoz, Yairo",STL,"2B, 3B, SS, OF",464.5,306,490,,110,,
414,"Duffy, Matt",TB,3B,465.75,249,549,,118,,
415,"Alcantara, Sandy",MIA,P,466.11,289,552,,110,,
416,"Giolito, Lucas",CWS,P,468.21,250,587,,124,,
417,"Cespedes, Yoenis",NYM,OF,469.67,285,609,,112,,
418,"Rodgers, Brendan",COL,SS,471.54,173,611,,112,,
419,"Kela, Keone",PIT,P,473.3,280,506,,110,,
420,"Pujols, Albert",LAA,1B,473.98,282,557,,115,,
421,"Ross, Joe",WAS,P,474.84,270,698,,121,,
422,"Salazar, Danny",CLE,P,475.9,261,561,,113,,
423,"Shoemaker, Matt",TOR,P,476.94,302,599,,121,,
424,"Moran, Colin",PIT,3B,478.62,300,502,,111,,
425,"LeBlanc, Wade",SEA,P,479.92,304,566,,121,,
426,"Cave, Jake",MIN,OF,482.76,277,572,,109,,
427,"Tulowitzki, Troy",NYY,SS,482.8,234,702,,123,,
428,"Tapia, Raimel",COL,OF,483.67,270,586,,107,,
429,"Gonzalez, Carlos",COL,OF,483.87,276,565,,115,,
430,"Pressly, Ryan",HOU,P,484.3,268,600,,109,,
431,"Quinn, Roman",PHI,OF,486.36,258,587,,108,,
432,"Buchholz, Clay",ARZ,P,486.58,324,648,,122,,
433,"Rosenthal, Trevor",WAS,P,487.05,338,554,,105,,
434,"Trumbo, Mark",BAL,UT,488.33,294,597,,110,,
435,"Taylor, Michael",WAS,OF,490.62,270,584,,109,,
436,"Duggar, Steven",SF,OF,491.64,295,565,,108,,
437,"Swarzak, Anthony",SEA,P,493.28,188,724,,101,,
438,"Moreland, Mitch",BOS,1B,495.49,258,572,,111,,
439,"Smyly, Drew",TEX,P,497.93,321,642,,114,,
440,"Cozart, Zack",LAA,3B,499.53,336,537,,108,,
441,"Rogers, Taylor",MIN,P,500.98,225,589,,106,,
442,"Pinder, Chad",OAK,"OF, 2B",501.74,286,592,,116,,
443,"Honeywell, Brent",TB,P,501.81,311,707,,113,,
444,"Jones, Nate",CWS,P,503.34,220,701,,104,,
445,"Lowe, Brandon",TB,2B,503.55,287,597,,117,,
446,"Kelly, Merrill",ARZ,P,505.64,257,706,,108,,
447,"Vazquez, Christian",BOS,C,507.49,298,592,,109,,
448,"Leake, Mike",SEA,P,507.87,324,596,,116,,
449,"Frazier, Todd",NYM,3B,508.99,316,591,,109,,
450,"Morales, Kendrys",TOR,UT,510.96,340,571,,107,,
451,"Melancon, Mark",SF,P,511.03,275,723,,109,,
452,"Barreto, Franklin",OAK,2B,511.33,321,652,,104,,
453,"Beckham, Tim",SEA,"SS, 3B",513.15,352,567,,106,,
454,"Bichette, Bo",TOR,SS,515.35,335,600,,108,,
455,"Green, Chad",NYY,P,516.07,301,565,,104,,
456,"Fowler, Dustin",OAK,OF,522.4,331,598,,103,,
457,"Castillo, Diego",TB,P,522.57,268,588,,106,,
458,"Kang, Jung Ho",PIT,3B,522.76,286,673,,107,,
459,"Wong, Kolten",STL,2B,523.81,368,591,,109,,
460,"Nunez, Renato",BAL,3B,523.89,354,595,,105,,
461,"Valdez, Framber",HOU,P,524.97,307,593,,107,,
462,"Cobb, Alex",BAL,P,525.25,297,625,,115,,
463,"Nova, Ivan",CWS,P,525.51,342,592,,118,,
464,"Sanchez, Yolmer",CWS,3B,525.75,339,605,,111,,
465,"Austin, Tyler",MIN,1B,525.79,242,660,,107,,
466,"Keller, Mitch",PIT,P,528.61,366,574,,109,,
467,"Fry, Jace",CWS,P,529.69,285,667,,103,,
468,"Harrison, Josh",PIT,2B,529.86,285,592,,106,,
469,"German, Domingo",NYY,P,530.07,370,586,,108,,
470,"Gordon, Alex",KC,OF,531.72,386,589,,103,,
471,"Heyward, Jason",CHC,OF,532.9,361,583,,106,,
472,"Strickland, Hunter",SEA,P,533.19,179,705,,113,,
473,"Hanson, Alen",SF,"2B, OF",533.32,355,588,,105,,
474,"McCann, James",CWS,C,534.33,320,608,,106,,
475,"Erlin, Robbie",SD,P,535.04,325,606,,108,,
476,"Dozier, Hunter",KC,"1B, 3B",535.47,348,602,,110,,
477,"Martin, Russell",LAD,"C, 3B",537.08,280,634,,114,,
478,"Fowler, Dexter",STL,OF,537.09,385,616,,107,,
479,"Ross, Tyson",DET,P,537.73,305,629,,112,,
480,"Pearce, Steve",BOS,1B,538.09,336,629,,106,,
481,"Paddack, Chris",SD,P,538.78,355,652,,105,,
482,"Robertson, Daniel",TB,"2B, SS",539.1,331,599,,110,,
483,"Swihart, Blake",BOS,"C, OF",540.3,348,628,,109,,
484,"Brasier, Ryan",BOS,P,541.77,230,674,,104,,
485,"Bird, Greg",NYY,1B,541.81,348,612,,104,,
486,"Broxton, Keon",NYM,OF,543.16,263,702,,104,,
487,"Tellez, Rowdy",TOR,1B,544.1,347,626,,105,,
488,"Mengden, Daniel",OAK,P,544.38,372,609,,106,,
489,"Solarte, Yangervis",TOR,"3B, 2B",546.19,360,633,,104,,
490,"Suarez, Andrew",SF,P,547.19,345,611,,105,,
491,"Frazier, Clint",NYY,OF,548.24,329,656,,105,,
492,"Dietrich, Derek",MIA,"OF, 1B",549.8,336,650,,109,,
493,"Kingham, Nick",PIT,P,552.19,363,710,,103,,
494,"Miley, Wade",HOU,P,555.24,326,659,,105,,
495,"Fried, Max",ATL,P,555.84,369,655,,104,,
496,"Duvall, Adam",ATL,OF,556.42,304,681,,107,,
497,"Cease, Dylan",CWS,P,556.47,360,677,,104,,
498,"Kelly, Joe",LAD,P,557.57,318,664,,104,,
499,"Adams, Matt",WAS,1B,558.79,397,635,,102,,
500,"Russell, Addison",CHC,SS,559.99,406,595,,105,,
501,"Hays, Austin",BAL,OF,562.35,346,607,,104,,
502,"Duplantier, Jon",ARZ,P,562.93,304,700,,100,,
503,"Neris, Hector",PHI,P,563.17,311,711,,98,,
504,"Galvis, Freddy",TOR,SS,563.27,314,611,,101,,
505,"Jankowski, Travis",SD,OF,563.59,365,632,,104,,
506,"Soria, Joakim",OAK,P,564.04,330,671,,110,,
507,"Zimmer, Bradley",CLE,OF,564.06,337,615,,103,,
508,"Flores, Wilmer",ARZ,1B,566.19,265,712,,100,,
509,"Crawford, J.P.",SEA,SS,566.66,373,706,,104,,
510,"Mahle, Tyler",CIN,P,566.99,338,689,,99,,
511,"Ponce de Leon, Daniel",STL,P,568.19,333,697,,99,,
512,"Stassi, Max",HOU,C,568.31,282,684,,107,,
513,"Santana, Ervin",MIN,P,569.57,381,608,,94,,
514,"Castillo, Jose",SD,P,569.96,382,628,,102,,
515,"Gohara, Luiz",ATL,P,570.78,364,713,,100,,
516,"Loaisiga, Jonathan",NYY,P,572.21,399,687,,99,,
517,"d'Arnaud, Travis",NYM,C,572.47,380,628,,97,,
518,"Conley, Adam",MIA,P,573.19,362,655,,103,,
519,"Pedroia, Dustin",BOS,2B,573.21,363,638,,98,,
520,"Holland, Greg",ARZ,P,573.28,180,701,,100,,
521,"Riley, Austin",ATL,3B,574.52,325,647,,98,,
522,"Davis, Chris",BAL,1B,576.62,309,712,,106,,
523,"Almora Jr., Albert",CHC,OF,577.1,408,631,,99,,
524,"Chisenhall, Lonnie",PIT,OF,578.39,388,670,,98,,
525,"Owings, Chris",KC,OF,579.55,334,737,,98,,
526,"Edwards Jr., Carl",CHC,P,579.81,337,705,,104,,
527,"O'Brien, Peter",MIA,1B,581.54,401,634,,98,,
528,"Fletcher, David",LAA,"2B, 3B",582.17,341,640,,98,,
529,"Allen, Logan",SD,P,582.21,368,689,,100,,
530,"Wieters, Matt",WAS,C,582.76,325,615,,92,,
531,"Choi, Ji-Man",TB,UT,583.44,353,676,,91,,
532,"Pomeranz, Drew",SF,P,583.52,352,725,,109,,
533,"Lowe, Nathaniel",TB,1B,583.67,354,676,,100,,
534,"Borucki, Ryan",TOR,P,583.93,325,668,,104,,
535,"McKinney, Billy",TOR,OF,585.86,396,611,,94,,
536,"Norris, Bud",STL,P,586.51,191,688,,98,,
537,"Trivino, Lou",OAK,P,586.61,385,695,,102,,
538,"Gant, John",STL,P,587.59,340,658,,97,,
539,"Romine, Austin",NYY,C,587.67,376,696,,104,,
540,"Lauer, Eric",SD,P,588.15,315,654,,97,,
541,"Greiner, Grayson",DET,C,589.47,319,730,,92,,
542,"Stammen, Craig",SD,P,590.68,377,712,,101,,
543,"Panik, Joe",SF,2B,591,354,699,,97,,
544,"Hildenberger, Trevor",MIN,P,591.67,278,709,,98,,
545,"Holt, Brock",BOS,"2B, SS",594.53,342,641,,94,,
546,"Maldonado, Martin",HOU,C,596.93,378,698,,93,,
547,"Boxberger, Brad",KC,P,598.9,182,748,,98,,
548,"Gyorko, Jedd",STL,3B,599.53,346,614,,92,,
549,"Mesa, Victor Victor",FA,OF,599.9,326,735,,92,,
550,"Romo, Sergio",TB,P,601.93,287,743,,103,,
551,"Smith, Kevan",LAA,C,602.96,312,673,,95,,
552,"Murphy, Tom",COL,C,604.89,370,719,,93,,
553,"Walker, Taijuan",ARZ,P,605.27,385,729,,96,,
554,"Wright, Kyle",ATL,P,608.79,364,695,,94,,
555,"Gattis, Evan",HOU,UT,609.19,343,687,,99,,
556,"Eickhoff, Jerad",PHI,P,609.3,357,737,,96,,
557,"Ervin, Phillip",CIN,OF,610.33,350,678,,85,,
558,"Pena, Felix",LAA,P,611.27,422,661,,82,,
559,"Sisco, Chance",BAL,C,611.76,312,711,,94,,
560,"Reid-Foley, Sean",TOR,P,612.01,350,732,,89,,
561,"Caratini, Victor",CHC,"C, 1B",612.53,449,650,,97,,
562,"Culberson, Charlie",ATL,"OF, SS, 3B",612.92,328,678,,96,,
563,"Difo, Wilmer",WAS,"2B, 3B",613.82,398,689,,89,,
564,"Iglesias, Jose",DET,SS,616.53,323,671,,94,,
565,"Puk, AJ",OAK,P,617,315,716,,100,,
566,"Dyson, Jarrod",ARZ,OF,618.69,387,742,,92,,
567,"Hudson, Dakota",STL,P,618.79,412,723,,97,,
568,"Travis, Devon",TOR,2B,621.8,354,676,,86,,
569,"Oh, Seunghwan",COL,P,622.3,433,695,,94,,
570,"Williamson, Mac",SF,OF,622.36,352,734,,87,,
571,"Straily, Dan",MIA,P,622.89,382,640,,88,,
572,"Cishek, Steve",CHC,P,624.41,312,728,,97,,
573,"Plawecki, Kevin",CLE,C,625.63,370,742,,94,,
574,"Drury, Brandon",TOR,3B,626.31,386,715,,85,,
575,"Jones, JaCoby",DET,OF,627.09,312,671,,86,,
576,"Rojas, Miguel",MIA,"SS, 3B, 1B",627.41,434,719,,93,,
577,"Davies, Zach",MLW,P,627.64,416,692,,86,,
578,"Wynns, Austin",BAL,C,629.76,381,710,,86,,
579,"Kendrick, Howie",WAS,2B,630.08,342,745,,89,,
580,"Phillips, Brett",KC,OF,630.13,351,705,,88,,
581,"Montgomery, Mike",CHC,P,631.26,341,731,,96,,
582,"Engel, Adam",CWS,OF,632.13,315,708,,85,,
583,"Vargas, Jason",NYM,P,632.18,334,746,,88,,
584,"Castro, Jason",MIN,C,634.19,431,729,,82,,
585,"Hundley, Nick",SF,C,634.42,367,724,,90,,
586,"Kemp, Tony",HOU,OF,634.61,407,674,,81,,
587,"Devenski, Chris",HOU,P,635.58,362,738,,92,,
588,"Romero, Fernando",MIN,P,636.76,390,718,,85,,
589,"Goodwin, Brian",KC,OF,637.39,369,728,,80,,
590,"Armstrong, Shawn",SEA,P,637.98,309,747,,86,,
591,"Chen, Wei-Yin",MIA,P,639.28,457,633,,80,,
592,"Gsellman, Robert",NYM,P,639.4,265,747,,81,,
593,"Manaea, Sean",OAK,P,640.01,182,748,,86,,
594,"Barraclough, Kyle",WAS,P,640.6,383,749,,96,,
595,"Lamet, Dinelson",SD,P,641.73,377,719,,89,,
596,"Lopez, Pablo",MIA,P,642.5,463,718,,81,,
597,"Walker, Neil",MIA,"1B, 2B, 3B",642.73,396,723,,89,,
598,"Davidson, Matt",CWS,1B,642.92,462,748,,92,,
599,"Tepera, Ryan",TOR,P,644.01,472,739,,96,,
600,"Adell, Jo",LAA,OF,644.01,343,724,,84,,
601,"Rondon, Hector",HOU,P,645.57,489,725,,94,,
602,"Stewart, DJ",BAL,OF,646,429,735,,82,,
603,"Wainwright, Adam",STL,P,646.19,428,711,,86,,
604,"Dean, Austin",MIA,OF,646.63,413,741,,83,,
605,"Newman, Kevin",PIT,SS,647.35,436,738,,80,,
606,"Faria, Jacob",TB,P,649.95,490,744,,78,,
607,"Canha, Mark",OAK,OF,653.84,406,694,,81,,
608,"Garcia, Leury",CWS,OF,655.5,285,728,,76,,
609,"Wisdom, Patrick",TEX,3B,655.79,355,741,,77,,
610,"Mercer, Jordy",DET,SS,656.51,434,726,,75,,
611,"Hernandez, Felix",SEA,P,657.58,339,734,,84,,
612,"Descalso, Daniel",CHC,"2B, 3B",660.06,327,750,,85,,
613,"Mesoraco, Devin",NYM,C,660.79,395,734,,78,,
614,"Ferguson, Caleb",LAD,P,661.23,432,740,,89,,
615,"Miller, Shelby",TEX,P,661.52,383,742,,82,,
616,"Guerra, Junior",MLW,P,661.73,402,734,,85,,
617,"Hughes, Jared",CIN,P,662.65,481,743,,92,,
618,"Zimmermann, Jordan",DET,P,662.96,394,727,,78,,
619,"Freese, David",LAD,"3B, 1B",664.08,409,744,,81,,
620,"Fedde, Erick",WAS,P,665.1,367,740,,76,,
621,"Cameron, Daz",DET,OF,665.68,403,746,,72,,
622,"Chavez, Jesse",TEX,P,665.95,425,748,,84,,
623,"Stanek, Ryne",TB,P,668.37,454,745,,80,,
624,"Gonzalez, Erik",PIT,"2B, 3B",668.96,461,729,,78,,
625,"Vogelbach, Dan",SEA,1B,669.95,343,735,,77,,
626,"Beeks, Jalen",TB,P,671.48,500,750,,73,,
627,"Pirela, Jose",SD,"2B, OF",673.19,461,749,,76,,
628,"Hellickson, Jeremy",WAS,P,674.29,431,746,,73,,
629,"Bote, David",CHC,3B,675.75,381,749,,78,,
630,"Martin, Richie",BAL,SS,676.76,457,699,,65,,
631,"Reed, Addison",MIN,P,677.31,405,739,,76,,
632,"Watson, Tony",SF,P,678.6,308,747,,82,,
633,"Parra, Gerardo",COL,OF,679.55,445,732,,78,,
634,"Murphy, Sean",OAK,C,679.89,479,732,,69,,
635,"Martini, Nick",OAK,OF,681.23,439,748,,68,,
636,"McKenzie, Triston",CLE,P,681.44,378,739,,76,,
637,"Riddle, J.T.",MIA,SS,682.3,410,736,,71,,
638,"Garrett, Amir",CIN,P,683.07,503,750,,74,,
639,"Luplow, Jordan",CLE,OF,683.13,429,732,,71,,
640,"Montas, Frankie",OAK,P,683.61,497,743,,70,,
641,"Adrianza, Ehire",MIN,"SS, 3B",684.31,463,725,,74,,
642,"Norris, Daniel",DET,P,684.32,514,738,,75,,
643,"Ward, Taylor",LAA,3B,684.96,485,738,,66,,
644,"Naquin, Tyler",CLE,OF,685.95,442,750,,72,,
645,"Brach, Brad",CHC,P,686.15,284,750,,68,,
646,"Moronta, Reyes",SF,P,686.56,499,748,,80,,
647,"Senzatela, Antonio",COL,P,689.19,343,749,,73,,
648,"Mahtook, Mikie",DET,OF,689.82,519,743,,69,,
649,"Spangenberg, Cory",MLW,"2B, 3B",690.1,485,738,,61,,
650,"Mountcastle, Ryan",BAL,3B,690.86,385,738,,74,,
651,"Avila, Alex",ARZ,C,690.99,405,744,,65,,
652,"Roe, Chaz",TB,P,691.93,320,749,,70,,
653,"Kennedy, Ian",KC,P,692.13,434,746,,72,,
654,"Sanchez, Sixto",PHI,P,692.56,348,738,,63,,
655,"Estrada, Marco",OAK,P,693.22,372,745,,45,,
656,"Gomber, Austin",STL,P,693.47,507,750,,70,,
657,"Rodney, Fernando",OAK,P,695.28,309,744,,70,,
658,"Slater, Austin",SF,"OF, 1B",695.46,530,734,,66,,
659,"Kirilloff, Alex",MIN,OF,696.59,278,750,,55,,
660,"Jay, Jon",CWS,OF,697.31,409,750,,54,,
661,"Cron, Kevin",ARZ,3B,697.38,393,741,,64,,
662,"Davis, J.D.",NYM,3B,697.6,403,734,,60,,
663,"Mercado, Oscar",CLE,OF,697.67,436,737,,60,,
664,"Herrmann, Chris",OAK,C,697.98,474,745,,59,,
665,"Canning, Griffin",LAA,P,698.55,557,741,,68,,
666,"Rodriguez, Richard",PIT,P,698.96,494,742,,69,,
667,"Stratton, Chris",SF,P,699.08,334,742,,70,,
668,"Black, Ray",SF,P,699.13,476,750,,65,,
669,"Casali, Curt",CIN,C,699.63,404,748,,63,,
670,"Cooper, Garrett",MIA,OF,700.8,341,749,,63,,
671,"Span, Denard",SEA,OF,701.64,409,746,,67,,
672,"Toles, Andrew",LAD,OF,702.01,484,740,,60,,
673,"Gamel, Ben",MLW,OF,702.64,452,749,,64,,
674,"Reed, Cody",CIN,P,703,450,750,,59,,
675,"Bonifacio, Jorge",KC,OF,703.08,469,741,,63,,
676,"Alvarez, Yordan",HOU,OF,703.61,417,750,,66,,
677,"Diaz, Yusniel",BAL,OF,703.99,443,735,,55,,
678,"Oberg, Scott",COL,P,704.27,480,740,,60,,
679,"Crick, Kyle",PIT,P,704.33,410,749,,70,,
680,"Mize, Casey",DET,P,704.53,276,749,,35,,
681,"De Leon, Jose",TB,P,705.2,520,750,,66,,
682,"Shaw, Chris",SF,OF,706.18,427,745,,59,,
683,"Perez, Roberto",CLE,C,706.27,397,749,,57,,
684,"Mejia, Adalberto",MIN,P,706.39,447,749,,63,,
685,"Walker, Christian",ARZ,1B,706.44,492,746,,63,,
686,"Knizner, Andrew",STL,C,707.46,377,748,,56,,
687,"Scott, Tanner",BAL,P,708.48,423,749,,64,,
688,"Cabrera, Melky",CLE,OF,708.99,494,746,,63,,
689,"Wilson, Bryse",ATL,P,709.21,501,749,,54,,
690,"Tropeano, Nick",LAA,P,709.9,499,748,,63,,
691,"Lyles, Jordan",PIT,P,710.33,458,750,,55,,
692,"Jackson, Edwin",OAK,P,710.39,406,744,,63,,
693,"Reed, A.J.",HOU,1B,710.59,509,747,,61,,
694,"Kieboom, Carter",WAS,SS,710.67,469,746,,56,,
695,"Bedrosian, Cam",LAA,P,712.39,398,748,,58,,
696,"Biggio, Cavan",TOR,2B,714.29,500,750,,57,,
697,"Lopez, Yoan",ARZ,P,715.21,481,749,,49,,
698,"Baez, Pedro",LAD,P,715.44,437,750,,49,,
699,"Perez, Michael",TB,C,716.01,404,747,,48,,
700,"Davis, Rajai",CLE,OF,716.19,476,749,,57,,
701,"Reyes, Pablo",PIT,OF,716.88,496,734,,48,,
702,"Hardy, Blaine",DET,P,717.2,488,747,,50,,
703,"Paulino, David",TOR,P,718.46,528,747,,58,,
704,"Allard, Kolby",ATL,P,718.61,529,750,,51,,
705,"Delmonico, Nicky",CWS,OF,718.67,474,750,,57,,
706,"Widener, Taylor",ARZ,P,719.07,559,748,,50,,
707,"Garcia, Aramis",SF,C,719.5,403,750,,48,,
708,"Hayes, Ke'Bryan",PIT,3B,720.02,530,743,,55,,
709,"Petit, Yusmeiro",OAK,P,720.24,459,750,,48,,
710,"Phegley, Josh",OAK,C,720.33,466,743,,47,,
711,"Tucker, Cole",PIT,SS,720.93,565,750,,41,,
712,"Chavis, Michael",BOS,3B,721.14,498,747,,53,,
713,"Escobar, Alcides",KC,"SS, 3B",721.59,530,748,,51,,
714,"Guerrero, Tayron",MIA,P,721.78,467,739,,33,,
715,"Morrison, Logan",MIN,1B,722.46,487,747,,50,,
716,"McCullers, Lance",HOU,P,722.68,207,679,,15,,
717,"Karns, Nate",KC,P,722.97,557,739,,51,,
718,"Leon, Sandy",BOS,C,723.34,532,729,,42,,
719,"Thornburg, Tyler",BOS,P,723.81,469,746,,36,,
720,"Chatwood, Tyler",CHC,P,724.48,419,750,,48,,
721,"Anderson, Justin",LAA,P,724.84,467,750,,34,,
722,"Altherr, Aaron",PHI,OF,725.39,493,750,,58,,
723,"Dubon, Mauricio",MLW,SS,725.84,562,749,,42,,
724,"Lorenzen, Michael",CIN,P,726.31,434,748,,45,,
725,"Murphy, J.R.",ARZ,C,726.35,496,744,,39,,
726,"Straw, Myles",HOU,OF,726.5,506,748,,44,,
727,"Turnbull, Spencer",DET,P,726.71,430,750,,42,,
728,"Collins, Zack",CWS,C,727.05,477,750,,37,,
729,"Cotton, Jharel",OAK,P,727.49,596,745,,55,,
730,"Lagares, Juan",NYM,OF,727.56,551,750,,41,,
731,"Sierra, Magneuris",MIA,OF,727.66,562,742,,42,,
732,"Lopez, Jorge",KC,P,727.67,483,750,,42,,
733,"Mateo, Jorge",OAK,SS,727.76,474,747,,45,,
734,"Wright, Steven",BOS,P,727.76,580,750,,49,,
735,"Andriese, Matt",ARZ,P,728.02,556,746,,40,,
736,"Hernandez, David",CIN,P,728.26,497,749,,43,,
737,"Bassitt, Chris",OAK,P,728.27,546,750,,41,,
738,"Dyson, Sam",SF,P,728.49,495,750,,38,,
739,"Robles, Hansel",LAA,P,728.73,371,744,,27,,
740,"Rengifo, Luis",LAA,SS,729.88,570,750,,43,,
741,"Ruiz, Keibert",LAD,C,730.72,405,743,,25,,
742,"Gordon, Nick",MIN,SS,731.07,577,750,,43,,
743,"Rodriguez, Ronny",DET,SS,731.16,493,748,,29,,
744,"Font, Wilmer",TB,P,731.5,518,749,,35,,
745,"Mitchell, Bryan",SD,P,731.64,321,745,,27,,
746,"Ramirez, Hanley",BOS,1B,731.73,392,749,,31,,
747,"Maile, Luke",TOR,C,731.81,424,748,,25,,
748,"Villanueva, Christian",SD,3B,732.16,450,729,,21,,
749,"Smith, Dominic",NYM,1B,732.93,547,740,,34,,
750,"Richards, Garrett",SD,P,733.02,144,747,,15,,
751,"Nicasio, Juan",PHI,P,733.3,380,749,,32,,
752,"Swanson, Erik",SEA,P,733.43,499,743,,38,,
753,"Richard, Clayton",TOR,P,733.54,535,749,,36,,
754,"Singer, Brady",KC,P,733.59,324,699,,11,,
755,"Fernandez, Jose",LAA,1B,733.7,465,743,,22,,
756,"Forsythe, Logan",MIN,2B,733.84,557,750,,36,,
757,"Prado, Martin",MIA,3B,733.99,505,747,,38,,
758,"Kratz, Erik",MLW,C,734.38,394,749,,26,,
759,"Fisher, Derek",HOU,OF,734.48,556,749,,41,,
760,"Moore, Matt",DET,P,735.31,518,747,,30,,
761,"Grossman, Robbie",MIN,OF,735.36,528,746,,25,,
762,"Shields, James",CWS,P,735.56,417,747,,26,,
763,"Cimber, Adam",CLE,P,735.64,491,747,,23,,
764,"Poche, Colin",TB,P,735.93,486,749,,30,,
765,"Gomez, Carlos",TB,OF,736.06,574,748,,40,,
766,"Alford, Anthony",TOR,OF,736.53,611,739,,33,,
767,"Warren, Adam",SEA,P,736.64,564,747,,28,,
768,"Kieboom, Spencer",WAS,C,737.55,418,741,,13,,
769,"McGuire, Reese",TOR,C,737.73,554,746,,28,,
770,"Ellsbury, Jacoby",NYY,OF,737.79,574,750,,37,,
771,"Smith, Will",LAD,C,738.08,557,749,,23,,
772,"Lopez, Nicky",KC,SS,738.52,553,750,,24,,
773,"Volquez, Edinson",TEX,P,738.6,440,744,,18,,
774,"Thaiss, Matt",LAA,1B,738.62,550,747,,23,,
775,"Glover, Koda",WAS,P,738.64,464,749,,24,,
776,"Sandoval, Pablo",SF,"3B, 1B",738.69,500,747,,22,,
777,"Reynolds, Mark",COL,1B,738.84,583,748,,25,,
778,"Altavilla, Dan",SEA,P,738.95,478,744,,14,,
779,"Maybin, Cameron",SEA,OF,739.01,571,749,,26,,
780,"France, Ty",SD,3B,739.02,131,739,,9,,
781,"Vogt, Stephen",MLW,C,739.04,488,746,,25,,
782,"Lewis, Royce",MIN,SS,739.09,504,742,,16,,
783,"Miller, Brad",MLW,"1B, 2B",739.12,538,748,,22,,
784,"Duda, Lucas",ATL,1B,739.33,586,749,,38,,
785,"Anderson, Brett",OAK,P,739.5,553,746,,30,,
786,"Gonsalves, Stephen",MIN,P,739.52,510,749,,25,,
787,"Robert, Luis",CWS,OF,739.52,529,748,,16,,
788,"Kramer, Kevin",PIT,2B,739.75,592,750,,26,,
789,"Marisnick, Jake",HOU,OF,740.53,542,748,,23,,
790,"McKay, Brendan",TB,P,740.56,401,749,,17,,
791,"Gore, Mackenzie",SD,P,740.96,540,699,,13,,
792,"Clippard, Tyler",TOR,P,740.97,500,750,,25,,
793,"Wolters, Tony",COL,C,741.16,589,732,,21,,
794,"Kelley, Shawn",TEX,P,741.17,332,750,,15,,
795,"Biddle, Jesse",ATL,P,741.45,469,747,,15,,
796,"Ray, Corey",MLW,OF,741.87,589,745,,26,,
797,"Winkler, Dan",ATL,P,741.95,638,749,,25,,
798,"Montgomery, Jordan",NYY,P,742.17,560,745,,14,,
799,"Knapp, Andrew",PHI,C,742.24,484,750,,14,,
800,"Pannone, Thomas",TOR,P,742.41,621,750,,20,,
801,"Plutko, Adam",CLE,P,742.42,553,750,,21,,
802,"Fry, Paul",BAL,P,742.51,531,743,,14,,
803,"Brito, Socrates",ARZ,OF,742.57,616,748,,20,,
804,"Miller, Justin",WAS,P,742.58,544,716,,11,,
805,"Neshek, Pat",PHI,P,742.75,551,748,,14,,
806,"Tomas, Yasmany",ARZ,OF,742.96,596,746,,19,,
807,"Sobotka, Chad",ATL,P,743.04,532,747,,24,,
808,"Haase, Eric",CLE,C,743.15,551,738,,16,,
809,"Covey, Dylan",CWS,P,743.17,590,746,,18,,
810,"Alcantara, Victor",DET,P,743.24,464,723,,6,,
811,"Tauchman, Mike",COL,OF,743.41,504,747,,15,,
812,"McCarthy, Kevin",KC,P,743.44,540,747,,16,,
813,"Harris, Will",HOU,P,743.46,585,750,,24,,
814,"Solak, Nick",TB,2B,743.7,571,745,,15,,
815,"Sherfy, Jimmie",ARZ,P,743.72,639,747,,24,,
816,"Stewart, Brock",LAD,P,743.76,484,745,,11,,
817,"Alvarez, Jose",PHI,P,743.78,379,745,,15,,
818,"Kennedy, Brett",SD,P,743.81,523,749,,14,,
819,"Hernandez, Gorkys",SF,OF,743.96,437,750,,15,,
820,"Armenteros, Rogelio",HOU,P,744.1,536,740,,13,,
821,"Stephenson, Robert",CIN,P,744.14,524,739,,14,,
822,"Pagan, Emilio",TB,P,744.17,573,747,,14,,
823,"Anderson, Ian",ATL,P,744.24,540,749,,14,,
824,"Martinez, Julio Pablo",TEX,OF,744.33,606,747,,14,,
825,"Santana, Dennis",LAD,P,744.37,575,750,,17,,
826,"Neidert, Nick",MIA,P,744.43,547,745,,12,,
827,"Pazos, James",PHI,P,744.55,473,744,,7,,
828,"Hill, Tim",KC,P,744.56,486,740,,10,,
829,"Arano, Victor",PHI,P,744.85,588,745,,16,,
830,"Hechavarria, Adeiny",NYY,SS,744.94,510,747,,12,,
831,"La Stella, Tommy",LAA,3B,744.97,585,724,,12,,
832,"Briceno, Jose",LAA,C,745.41,554,749,,13,,
833,"Trammell, Taylor",CIN,OF,745.46,584,744,,9,,
834,"Stock, Robert",SD,P,745.5,596,740,,12,,
835,"Gore, Terrance",KC,OF,745.7,609,745,,11,,
836,"Diaz, Isan",MIA,2B,745.82,542,750,,15,,
837,"Brebbia, John",STL,P,745.89,596,748,,18,,
838,"Granite, Zack",MIN,OF,745.89,568,718,,6,,
839,"Hunter, Tommy",PHI,P,745.89,587,748,,9,,
840,"Saladino, Tyler",MLW,SS,745.9,541,746,,11,,
841,"De Los Santos, Enyel",PHI,P,745.93,606,750,,13,,
842,"Granderson, Curtis",MLW,OF,746,569,748,,15,,
843,"Romano, Sal",CIN,P,746.04,507,740,,11,,
844,"Madson, Ryan",LAD,P,746.07,516,748,,12,,
845,"Reyes, Victor",DET,OF,746.28,576,738,,11,,
846,"Rickard, Joey",BAL,OF,746.3,587,748,,10,,
847,"Freitas, David",SEA,C,746.3,570,706,,6,,
848,"Mendez, Yohander",TEX,P,746.35,581,750,,15,,
849,"Franco, Wander",TB,SS,746.4,600,735,,9,,
850,"Bautista, Jose",PHI,"OF, 3B",746.44,563,746,,7,,
851,"Gaviglio, Sam",TOR,P,746.7,551,750,,8,,
852,"King, Michael",NYY,P,746.76,612,744,,16,,
853,"Dunning, Dane",CWS,P,746.8,586,744,,13,,
854,"Liriano, Francisco",DET,P,746.83,559,736,,10,,
855,"Banuelos, Manny",CWS,P,746.86,530,718,,6,,
856,"Cessa, Luis",NYY,P,746.9,397,743,,4,,
857,"Long, Shed",SEA,2B,746.95,574,732,,9,,
858,"Joseph, Tommy",TEX,1B,746.97,553,736,,6,,
859,"Nottingham, Jacob",MLW,C,747.03,582,746,,8,,
860,"Nicholas, Brett",COL,C,747.05,549,742,,9,,
861,"Thorpe, Lewis",MIN,P,747.06,621,746,,8,,
862,"Mejia, Jenrry",NYM,P,747.08,515,729,,4,,
863,"Beltre, Adrian",TEX,3B,747.13,455,676,,3,,
864,"Meyer, Alex",LAA,P,747.18,576,735,,6,,
865,"Ziegler, Brad",ARZ,P,747.31,543,745,,4,,
866,"Leone, Dominic",STL,P,747.32,504,744,,7,,
867,"Kopech, Michael",CWS,P,747.37,360,652,,2,,
868,"Kuhl, Chad",PIT,P,747.4,527,712,,4,,
869,"Pearson, Nate",TOR,P,747.47,610,726,,7,,
870,"Wingenter, Trey",SD,P,747.47,485,712,,5,,
871,"Blach, Ty",SF,P,747.53,544,749,,8,,
872,"Lugo, Dawel",DET,2B,747.54,593,745,,10,,
873,"Elias, Roenis",SEA,P,747.6,668,748,,14,,
874,"Middleton, Keynan",LAA,P,747.64,542,744,,7,,
875,"Johnson, Brian",BOS,P,747.78,561,735,,7,,
876,"Holder, Jonathan",NYY,P,747.8,522,721,,3,,
877,"Ortiz, Luis",BAL,P,747.84,491,736,,5,,
878,"Alexander, Scott",LAD,P,747.89,620,736,,10,,
879,"Sims, Lucas",CIN,P,747.91,581,735,,9,,
880,"Susac, Andrew",BAL,C,747.96,460,725,,3,,
881,"Irvin, Cole",PHI,P,747.98,576,735,,4,,
882,"Schwindel, Frank",KC,1B,747.99,641,740,,10,,
883,"Castro, Miguel",BAL,P,748,589,745,,6,,
884,"Burdi, Zack",CWS,P,748.02,678,744,,13,,
885,"Quantrill, Cal",SD,P,748.08,621,736,,6,,
886,"Pence, Hunter",SF,OF,748.09,611,748,,10,,
887,"Triggs, Andrew",OAK,P,748.12,591,746,,6,,
888,"White, Evan",SEA,1B,748.14,594,749,,6,,
889,"Festa, Matt",SEA,P,748.14,571,721,,4,,
890,"Baez, Michael",SD,P,748.15,579,740,,7,,
891,"Gallagher, Cam",KC,C,748.2,592,744,,7,,
892,"Minaya, Juan",CWS,P,748.22,642,748,,6,,
893,"Torreyes, Ronald",MIN,2B,748.27,584,745,,8,,
894,"Arroyo, Christian",TB,2B,748.29,543,750,,5,,
895,"Phelps, David",TOR,P,748.33,390,390,,1,,
896,"Yamamoto, Jordan",MIA,P,748.36,645,746,,10,,
897,"Cashner, Andrew",BAL,P,748.39,625,747,,9,,
898,"Feliz, Neftali",ARZ,P,748.41,577,743,,6,,
899,"Harrison, Monte",MIA,OF,748.42,612,749,,9,,
900,"Rupp, Cameron",FA,C,748.45,666,745,,6,,
901,"Taveras, Leody",TEX,OF,748.49,575,588,,2,,
902,"Smith, Carson",BOS,P,748.53,505,746,,3,,
903,"Brault, Steven",PIT,P,748.53,636,737,,6,,
904,"Fillmyer, Heath",KC,P,748.62,657,741,,6,,
905,"Wallach, Chad",MIA,C,748.66,591,749,,7,,
906,"Bart, Joey",SF,C,748.73,545,747,,6,,
907,"Erceg, Lucas",MLW,3B,748.73,529,667,,2,,
908,"Ramos, Heliot",SF,OF,748.73,636,661,,3,,
909,"Madrigal, Nick",CWS,2B,748.78,481,721,,2,,
910,"May, Dustin",LAD,P,748.8,562,717,,3,,
911,"Naylor, Josh",SD,OF,748.81,652,747,,8,,
912,"Peterson, Jace",BAL,"OF, 3B",748.82,666,724,,5,,
913,"Mauer, Joe",MIN,1B,748.87,463,463,,1,,
914,"Fulmer, Carson",CWS,P,748.92,608,750,,5,,
915,"Floro, Dylan",LAD,P,748.96,584,749,,6,,
916,"Nix, Jacob",SD,P,748.99,650,741,,5,,
917,"Adams, Chance",NYY,P,749.02,658,749,,9,,
918,"Bukauskas, J.B.",HOU,P,749.04,703,749,,8,,
919,"Pruitt, Austin",TB,P,749.07,655,744,,5,,
920,"Feltman, Durbin",BOS,P,749.07,532,709,,2,,
921,"Rooker, Brent",MIN,1B,749.12,643,729,,5,,
922,"Velazquez, Hector",BOS,P,749.13,617,742,,4,,
923,"Rondon, Jose",CWS,UT,749.16,621,742,,3,,
924,"Hembree, Heath",BOS,P,749.19,625,750,,3,,
925,"Siri, Jose",CIN,OF,749.2,589,720,,3,,
926,"Blandino, Alex",CIN,2B,749.21,599,661,,2,,
927,"Ramirez, Neil",CLE,P,749.22,579,683,,2,,
928,"Cordell, Ryan",CWS,OF,749.24,649,685,,3,,
929,"Vincent, Nick",SEA,P,749.25,592,674,,2,,
930,"Hess, David",BAL,P,749.25,532,734,,2,,
931,"Martin, Corbin",HOU,P,749.26,685,734,,6,,
932,"Perdomo, Luis",SD,P,749.26,691,738,,7,,
933,"Ramirez, Noe",LAA,P,749.27,598,739,,3,,
934,"Gearrin, Cory",SEA,P,749.27,613,737,,3,,
935,"Suter, Brent",MLW,P,749.28,596,732,,3,,
936,"Bleier, Richard",BAL,P,749.29,598,673,,2,,
937,"McCarthy, Brandon",ATL,P,749.32,524,524,,1,,
938,"Cowart, Kaleb",DET,3B,749.33,554,722,,2,,
939,"Buchter, Ryan",OAK,P,749.34,663,726,,4,,
940,"Urena, Richard",TOR,SS,749.34,572,738,,3,,
941,"India, Jonathan",CIN,3B,749.35,528,528,,1,,
942,"Galloway, Isaac",MIA,OF,749.35,594,685,,2,,
943,"Tucker, Preston",ATL,OF,749.41,537,537,,1,,
944,"Eveld, Tommy",MIA,P,749.41,619,668,,2,,
945,"Rojas, Mel",ATL,OF,749.42,538,538,,1,,
946,"Rondon, Bruce",CWS,P,749.42,538,538,,1,,
947,"Rogers, Josh",BAL,P,749.46,549,745,,2,,
948,"Pena, Francisco",STL,C,749.47,683,720,,4,,
949,"Allen, Austin",SD,C,749.47,579,717,,2,,
950,"Phillips, Brandon",BOS,2B,749.49,547,547,,1,,
951,"Hearn, Taylor",TEX,P,749.5,650,744,,4,,
952,"Greene, Hunter",CIN,P,749.52,551,551,,1,,
953,"Tilson, Charlie",CWS,OF,749.52,639,748,,4,,
954,"Craig, Will",PIT,1B,749.56,646,721,,3,,
955,"Osuna, Jose",PIT,1B,749.57,685,735,,6,,
956,"Chang, Yu",CLE,SS,749.57,654,710,,3,,
957,"Dixon, Brandon",DET,"1B, OF",749.6,630,743,,6,,
958,"Jones, Jahmai",LAA,2B,749.62,624,749,,4,,
959,"Mathis, Jeff",TEX,C,749.64,597,749,,4,,
960,"Helsley, Ryan",STL,P,749.67,693,742,,5,,
961,"Smith, Pavin",ARZ,1B,749.7,684,722,,4,,
962,"Ruiz, Rio",BAL,3B,749.71,679,705,,3,,
963,"Morejon, Adrian",SD,P,749.72,578,578,,1,,
964,"Cole, Taylor",LAA,P,749.73,579,579,,1,,
965,"Ramirez, Yefry",BAL,P,749.75,658,734,,3,,
966,"Rios, Edwin",LAD,3B,749.78,619,718,,2,,
967,"Dunn, Justin",NYM,P,749.79,629,748,,3,,
968,"Johnson, D.J.",COL,P,749.86,613,744,,3,,
969,"Travis, Sam",BOS,OF,749.87,598,598,,1,,
970,"Higashioka, Kyle",NYY,C,749.87,599,599,,1,,
971,"Staumont, Josh",KC,P,749.87,640,747,,3,,
972,"Venters, Jonny",ATL,P,749.88,634,743,,3,,
973,"Varsho, Daulton",ARZ,C,749.9,668,686,,2,,
974,"VerHagen, Drew",DET,P,749.95,644,716,,2,,
975,"Sampson, Adrian",TEX,P,749.95,609,609,,1,,
976,"Jones, Ryder",SF,1B,750.02,681,736,,3,,
977,"Bailey, Homer",LAD,P,750.04,665,742,,3,,
978,"Perez, Martin",MIN,P,750.04,689,742,,3,,
979,"Bracho, Silvino",ARZ,P,750.05,714,738,,5,,
980,"Joseph, Caleb",BAL,C,750.05,655,737,,3,,
981,"Heredia, Guillermo",TB,OF,750.06,705,749,,5,,
982,"Alberto, Hanser",BAL,SS,750.09,689,690,,2,,
983,"Ramos, Edubray",PHI,P,750.1,674,706,,2,,
984,"Hoffman, Jeff",COL,P,750.1,639,742,,2,,
985,"Wade, Tyler",NYY,2B,750.12,675,708,,2,,
986,"Gonzalez, Adrian",NYM,1B,750.13,647,738,,2,,
987,"Santander, Anthony",BAL,OF,750.16,677,711,,2,,
988,"Vieira, Thyago",CWS,P,750.16,688,700,,2,,
989,"Brujan, Vidal",TB,2B,750.16,698,730,,3,,
990,"McGee, Jake",COL,P,750.16,638,638,,1,,
991,"Lux, Gavin",LAD,SS,750.17,643,747,,2,,
992,"Gimenez, Andres",NYM,SS,750.17,639,639,,1,,
993,"Capps, Carter",SD,P,750.23,716,747,,5,,
994,"Jackson, Luke",ATL,P,750.23,647,647,,1,,
995,"Zamora, Daniel",NYM,P,750.24,685,744,,3,,
996,"Farmer, Kyle",CIN,3B,750.25,702,742,,4,,
997,"Thompson, Bubba",TEX,OF,750.27,702,702,,2,,
998,"Ortega, Rafael",MIA,OF,750.28,654,654,,1,,
999,"Martin, Chris",TEX,P,750.32,720,733,,4,,
1000,"Fields, Josh",LAD,P,750.32,687,723,,2,,
1001,"Herrera, Dilson",CIN,2B,750.33,707,746,,3,,
1002,"Stewart, Kohl",MIN,P,750.33,707,748,,4,,
1003,"Claudio, Alex",MLW,P,750.35,701,736,,3,,
1004,"Gonsolin, Tony",LAD,P,750.35,663,663,,1,,
1005,"Asuaje, Carlos",TEX,2B,750.36,664,664,,1,,
1006,"Wahl, Bobby",MLW,P,750.37,705,712,,2,,
1007,"Gonzalez, Oscar",CLE,OF,750.39,685,734,,2,,
1008,"Locastro, Tim",ARZ,OF,750.4,709,744,,5,,
1009,"Maton, Phil",SD,P,750.4,713,735,,3,,
1010,"Bradley, Bobby",CLE,1B,750.41,712,748,,4,,
1011,"Banda, Anthony",TB,P,750.41,671,671,,1,,
1012,"Medina, Adonis",PHI,P,750.44,676,676,,1,,
1013,"Alvarez, Pedro",BAL,UT,750.44,676,676,,1,,
1014,"Garcia, Greg",SD,2B,750.47,700,731,,2,,
1015,"Cuthbert, Cheslor",KC,3B,750.47,704,748,,3,,
1016,"Cuevas, Noel",COL,OF,750.49,706,741,,3,,
1017,"Cingrani, Tony",LAD,P,750.49,702,747,,4,,
1018,"Ciuffo, Nick",TB,C,750.49,712,737,,3,,
1019,"Diekman, Jake",ARZ,P,750.5,722,733,,3,,
1020,"Bonifacio, Emilio",ARZ,OF,750.51,685,685,,1,,
1021,"Faedo, Alex",DET,P,750.51,713,750,,3,,
1022,"Montero, Rafael",NYM,P,750.52,704,733,,2,,
1023,"Lewis, Kyle",SEA,OF,750.52,698,749,,3,,
1024,"Hall, Matt",DET,P,750.53,704,735,,2,,
1025,"Anderson, Tanner",OAK,P,750.53,687,687,,1,,
1026,"Romero, Enny",KC,P,750.56,692,692,,1,,
1027,"Koch, Matt",ARZ,P,750.56,691,691,,1,,
1028,"Bridwell, Parker",OAK,P,750.58,710,735,,2,,
1029,"Coleman, Louis",DET,P,750.59,695,695,,1,,
1030,"Viloria, Meibrys",KC,C,750.59,696,696,,1,,
1031,"Young Jr., Eric",LAA,OF,750.59,696,696,,1,,
1032,"Ramirez, Erasmo",SEA,P,750.61,719,747,,3,,
1033,"Skoglund, Eric",KC,P,750.61,717,750,,3,,
1034,"Hamilton, Ian",CWS,P,750.62,724,747,,3,,
1035,"Stewart, Chris",ARZ,C,750.65,704,704,,1,,
1036,"Reyes, Jose",NYM,"3B, SS",750.66,705,705,,1,,
1037,"Hu, Chih-Wei",CLE,P,750.66,705,705,,1,,
1038,"Refsnyder, Rob",TB,OF,750.67,706,706,,1,,
1039,"Jackson, Drew",BAL,SS,750.67,722,748,,3,,
1040,"Castillo, Rusney",BOS,OF,750.67,722,736,,2,,
1041,"Cozens, Dylan",PHI,OF,750.68,708,708,,1,,
1042,"Colon, Bartolo",TEX,P,750.7,710,710,,1,,
1043,"Stubbs, Garrett",HOU,C,750.7,729,744,,3,,
1044,"Brown, Zack",MLW,P,750.7,710,710,,1,,
1045,"Wieck, Brad",SD,P,750.72,716,748,,2,,
1046,"d'Arnaud, Chase",SF,2B,750.73,715,715,,1,,
1047,"Gentry, Craig",BAL,OF,750.76,719,719,,1,,
1048,"Hermosillo, Michael",LAA,OF,750.76,719,719,,1,,
1049,"Kahnle, Tommy",NYY,P,750.77,724,747,,2,,
1050,"Cueto, Johnny",SF,P,750.77,724,747,,2,,
1051,"Garcia, Jarlin",MIA,P,750.78,736,736,,2,,
1052,"Perez, Franklin",DET,P,750.79,722,722,,1,,
1053,"Reinheimer, Jack",BAL,OF,750.8,724,724,,1,,
1054,"Feliz, Michael",PIT,P,750.84,738,743,,2,,
1055,"Paredes, Isaac",DET,SS,750.84,730,730,,1,,
1056,"Thomas, Lane",STL,OF,750.84,729,729,,1,,
1057,"Gagnon, Drew",NYM,P,750.86,732,732,,1,,
1058,"Williams, Mason",CIN,OF,750.86,732,732,,1,,
1059,"Munoz, Andres",SD,P,750.86,732,732,,1,,
1060,"Bettis, Chad",COL,P,750.86,732,732,,1,,
1061,"Garrett, Reed",DET,P,750.87,733,733,,1,,
1062,"Anderson, Shaun",SF,P,750.87,737,747,,2,,
1063,"Tarpley, Stephen",NYY,P,750.87,733,733,,1,,
1064,"Joyce, Matt",OAK,OF,750.87,734,734,,1,,
1065,"Anderson, Cody",CLE,C,750.87,733,733,,1,,
1066,"Martes, Francis",HOU,P,750.87,733,733,,1,,
1067,"Manning, Matt",DET,P,750.88,743,747,,3,,
1068,"McGowin, Kyle",WAS,P,750.89,736,736,,1,,
1069,"Oswalt, Corey",NYM,P,750.9,737,737,,1,,
1070,"Harvey, Hunter",BAL,P,750.9,737,737,,1,,
1071,"Rutherford, Blake",CWS,OF,750.9,738,738,,1,,
1072,"Fister, Doug",TEX,P,750.91,739,739,,1,,
1073,"Westbrook, Jamie",ARZ,OF,750.92,740,740,,1,,
1074,"Sosa, Edmundo",STL,2B,750.92,740,740,,1,,
1075,"Adam, Jason",KC,P,750.92,740,740,,1,,
1076,"Mayza, Tim",TOR,P,750.92,740,740,,1,,
1077,"Quijada, Jose",MIA,P,750.92,740,740,,1,,
1078,"Palumbo, Joe",TEX,P,750.93,742,742,,1,,
1079,"Vargas, Ildemaro",ARZ,3B,750.93,741,741,,1,,
1080,"Akin, Keegan",BAL,P,750.93,741,741,,1,,
1081,"Holliday, Matt",COL,OF,750.93,741,741,,1,,
1082,"Hernandez, Darwinzon",BOS,P,750.95,744,744,,1,,
1083,"Baz, Shane",TB,P,750.95,744,744,,1,,
1084,"Sanchez, Yolbert",FA,SS,750.96,745,745,,1,,
1085,"Wittgren, Nick",CLE,P,750.96,745,745,,1,,
1086,"Valera, Breyvic",SF,2B,750.97,747,747,,1,,
1087,"Vosler, Jason",CHC,3B,750.97,747,747,,1,,
1088,"Vargas, Emilio",ARZ,P,750.98,748,748,,1,,
1089,"Gallegos, Giovanny",STL,P,750.98,748,748,,1,,
1090,"Wilson, Justin",NYM,P,750.98,748,748,,1,,
1091,"Stallings, Jacob",PIT,C,750.98,748,748,,1,,
1092,"Haseley, Adam",PHI,OF,750.99,750,750,,1,,
1093,"Santiago, Hector",CWS,P,750.99,750,750,,1,,
1094,"Farmer, Buck",DET,P,750.99,750,750,,1,,
1095,"Wendelken, J.B.",OAK,P,750.99,749,749,,1,,
1096,"Holaday, Bryan",MIA,C,750.99,749,749,,1,,
1097,"Lovelady, Richard",KC,P,750.99,749,749,,1,,